elem_0,param_0,MSE_On_test_1,R2_1,smape_1,directed_hausdorff_1,directed_hausdorff_u_1,directed_hausdorff_v_1,MSE_On_test_2,R2_2,smape_2,directed_hausdorff_2,directed_hausdorff_u_2,directed_hausdorff_v_2,Name,lasso_gamma,delay,noise,noise_percentage,k_fold
0.9736070081962862,1.9753262980578243,3.644534785961186e-07,0.999999696793221,0.0020663334412268,0.026104516499766,1,1,4.259927698960482e-07,0.999999645595657,0.0022262572948618,0.0284505115924208,1,1,Aizawa,0,5,Laplace_noise,0,0
0.9741579900591492,1.983269023257976,3.465362521773308e-07,0.9999997116994432,0.0020485646740058,0.0243635792290974,1,1,3.434562203161553e-07,0.9999997142618732,0.0020430827268092,0.0241379132709785,1,1,Aizawa,0,5,Laplace_noise,0,1
0.9734288312548396,1.983087078650947,3.5999137853377746e-07,0.9999997005054616,0.0020627221826022,0.0247666617910091,1,1,3.635038425563772e-07,0.99999969758327,0.0020677855361527,0.0249006971861065,1,1,Aizawa,0,5,Laplace_noise,0,2
0.9839041611041196,1.573795884334765,1.377231943077298e-06,0.99999893491742,0.0008875403522417,0.0547703307312626,1,1,1.5224399441623274e-06,0.9999988226207852,0.0009797681775753,0.0580570653323134,1,1,AnishchenkoAstakhov,0,5,Laplace_noise,0,0
0.9845985125000316,1.5947597922147694,1.5279836391598862e-06,0.9999988183335676,0.0009358381447231,0.0620766187154691,1,1,1.634487224101583e-06,0.9999987359690004,0.0009336662469834,0.0646173019505534,1,1,AnishchenkoAstakhov,0,5,Laplace_noise,0,1
0.9835998369944468,1.5715814139782047,1.2397576595147648e-06,0.9999990412331828,0.0009269247399297,0.0507205958298055,1,1,1.266572404894145e-06,0.9999990204959944,0.0009257235909939,0.0513895572765098,1,1,AnishchenkoAstakhov,0,5,Laplace_noise,0,2
0.9701221365594644,1.5663024800069898,2.7398180142082655e-07,0.99999976504416,0.0010277458315852,0.0238806500545945,1,1,3.430001702270611e-07,0.999999705856766,0.001106568208881,0.0262051967350941,1,1,Arneodo,0,5,Laplace_noise,0,0
0.966896554070745,1.580965754905835,2.9679838212160933e-07,0.9999997454775724,0.0010883697960017,0.024399932668963,1,1,2.949306640723428e-07,0.9999997470792528,0.0010837114020562,0.0243483446940968,1,1,Arneodo,0,5,Laplace_noise,0,1
0.9673013571539768,1.567169500569228,3.0728945837725613e-07,0.9999997364808448,0.0010927198773829,0.0254298025373218,1,1,3.114129824761861e-07,0.9999997329446754,0.0011011929804568,0.025576048328304,1,1,Arneodo,0,5,Laplace_noise,0,2
0.9876187275378104,1.0448560791827837,4.6547816138210525e-07,0.9999995475794852,0.0014432942233401,0.0296599731723467,0,0,8.358320122955074e-07,0.9999991876148426,0.0019417919628358,0.0402721684544639,0,0,ArnoldBeltramiChildress,0,5,Laplace_noise,0,0
0.9875202462804268,1.0563809116236482,7.111582026052736e-07,0.9999993087912884,0.0016063224885061,0.0378521477691299,0,0,7.599835969977497e-07,0.9999992613355496,0.0020330523599909,0.0396338731262011,0,0,ArnoldBeltramiChildress,0,5,Laplace_noise,0,1
0.9877204165466152,1.046055037341863,7.939023306027025e-07,0.999999228368308,0.0018853772616983,0.037592045982577,0,0,9.281142036548796e-07,0.999999097921362,0.0020249246169453,0.0409465103200397,0,0,ArnoldBeltramiChildress,0,5,Laplace_noise,0,2
1.0000004699993406,0.2258889574720586,12.205772631130896,0.591342729452125,0.5233479524237452,273.83298859311435,0,0,16.7060492305891,0.4406705182432661,0.7144062389103953,320.36776329756367,0,0,ArnoldWeb,0,5,Laplace_noise,0,0
1.000000475520462,0.2233970724826687,11.23120021955074,0.623972052781631,0.4849552837724331,262.192475719255,0,0,20.62893313500975,0.3093297930385397,0.8878234182072788,355.6536236259624,0,0,ArnoldWeb,0,5,Laplace_noise,0,1
1.00000053362595,0.2272831242639247,12.004790067700458,0.5980717574523449,0.5136310349515184,270.3777776142493,0,0,20.582482333953745,0.3108849963139058,0.8828773508429896,354.34905776669945,0,0,ArnoldWeb,0,5,Laplace_noise,0,2
0.9709969333576705,0.8215057436099522,6.43800045643939e-05,0.9999605460342555,0.0060620832205643,0.4057541346531211,2,2,9.454973556593464e-05,0.999942057133214,0.0067354442519528,0.4657678072934331,1,1,AtmosphericRegime,0,5,Laplace_noise,0,0
0.9722138180274916,0.8476972257861415,0.0001065410271975,0.999934708516008,0.0058565451569996,0.5032851327837068,1,1,0.0001197071424891,0.9999266399322104,0.0060537767824724,0.5285117686651608,1,1,AtmosphericRegime,0,5,Laplace_noise,0,1
0.9705368433031568,0.8202320092894977,0.0002551121237172,0.9998436597658196,0.0059280007659299,0.930278252470609,1,1,0.0002607242263543,0.9998402205037896,0.0063328604237262,0.9363433373154568,1,1,AtmosphericRegime,0,5,Laplace_noise,0,2
0.915179930192788,1.5031703270080543,2.720182977068488e-05,0.999994884432675,0.001477479162148,0.2635864111537189,0,0,5.5617138859992535e-05,0.9999895406588212,0.0017543528223821,0.3720339354921164,0,0,BeerRNN,0,5,Laplace_noise,0,0
0.9174130294922656,1.4990704780546495,2.908754554095037e-05,0.999994529805576,0.0019079039290068,0.3058854682371313,0,0,2.8762127174665757e-05,0.999994591003649,0.0020241308599347,0.304530658067153,0,0,BeerRNN,0,5,Laplace_noise,0,1
0.914977066639426,1.5005530202452877,2.7169174136066888e-05,0.9999948905738832,0.0016837758014582,0.2966972136354278,0,0,2.7451755334680235e-05,0.999994837431754,0.001649376385892,0.2972959373018139,0,0,BeerRNN,0,5,Laplace_noise,0,2
0.979795193411268,1.5986729816579195,0.0078479671578497,0.9999998671543222,0.0012031058196908,6.136879579724418,2,2,21.49251215858068,0.9996361876535904,0.0045670953361883,321.17666278456846,2,2,BelousovZhabotinsky,0,5,Laplace_noise,0,0
0.9785367884081774,1.601708328337063,0.0585127102938802,0.9999990095319584,0.0011833031029223,16.758087071873362,2,2,1.034599590835722,0.999982486919074,0.0019073370451768,70.4658786333444,2,2,BelousovZhabotinsky,0,5,Laplace_noise,0,1
0.9783747596856908,1.6337398174093858,2.4190664543580245,0.99995905149494,0.0016131489013745,107.75032170729212,2,2,1.6111176962262357,0.9999727279666016,0.0019522768024789,87.93422950297023,2,2,BelousovZhabotinsky,0,5,Laplace_noise,0,2
0.9816650992002592,1.43262197526145,1.0264734527804518e-06,0.999999749812854,0.0008331886670861,0.0620409324077023,0,0,2.065346104330981e-06,0.9999994966035936,0.0010111476536271,0.0905151548603567,0,0,BickleyJet,0,5,Laplace_noise,0,0
0.9804024056327474,1.4243462785599077,1.3307299854931835e-06,0.999999675654995,0.0009115796900177,0.0715114606609628,0,0,1.234683407613391e-06,0.9999996990648738,0.0008998388160761,0.0685992176723923,0,0,BickleyJet,0,5,Laplace_noise,0,1
0.9802132442538226,1.4281744328890946,1.3885101099481291e-06,0.9999996615719768,0.0009889876612129,0.0732135852985858,0,0,1.596867106415732e-06,0.9999996107881576,0.0010129017848382,0.0790226926295065,0,0,BickleyJet,0,5,Laplace_noise,0,2
0.9787036697841176,1.5856824280764743,1.228004464777756e-06,0.9999994267172412,0.0002418120985702,0.0467973784896437,0,0,1.5759577967661477e-06,0.9999992642783804,0.0002632836071683,0.0523798806236834,2,2,Blasius,0,5,Laplace_noise,0,0
0.9781481730532718,1.5874647138640523,8.245476933312638e-06,0.9999961506737955,0.0002848721877908,0.1566538432808359,2,2,8.45056572440256e-06,0.9999960549299516,0.000285679974953,0.1602084666484127,2,2,Blasius,0,5,Laplace_noise,0,1
0.9800139240099096,1.591591198349267,2.711918326464813e-05,0.9999873396549857,0.0003064214839514,0.3058735546147623,2,2,3.0337950048221467e-05,0.999985837002874,0.0003135776373657,0.3312769590080289,2,2,Blasius,0,5,Laplace_noise,0,2
0.9911149271263788,1.2279508459105974,6.554535583550529e-05,0.9999400275628672,0.0077367967864538,0.4398517929381579,1,1,0.0001656196918459,0.9998484619324958,0.0105211073546265,0.7910756390677536,1,1,BlinkingRotlet,0,5,Laplace_noise,0,0
0.9908678323887388,1.232284431034523,0.0001231241406917,0.9998873443481532,0.0114736131936418,0.6372034789853076,1,1,0.0002500291645967,0.9997712292783522,0.0121976452072106,0.8563132425444063,1,1,BlinkingRotlet,0,5,Laplace_noise,0,1
0.990632327312312,1.2330627177070987,0.0002215460865784,0.9997972906153306,0.0095533361684723,0.9107270924120908,1,1,0.0002480437928588,0.9997730458461352,0.0111902791290354,0.9179047941393548,1,1,BlinkingRotlet,0,5,Laplace_noise,0,2
0.9926246779146048,1.1637733221901807,9.992469781268188e-05,0.9998917356902192,0.0161816160242505,0.5332626127954685,1,1,0.0001933359701965,0.9997905284096196,0.0200289928120723,0.6923807584762104,1,1,BlinkingVortex,0,5,Laplace_noise,0,0
0.9926504540318808,1.1530948728420658,0.0001359809309042,0.9998526702411922,0.017160565213587,0.672389763085982,1,1,0.0002063298574496,0.9997764500659706,0.020550724095952,0.8187891042702307,1,1,BlinkingVortex,0,5,Laplace_noise,0,1
0.9931241725551944,1.1598987333036856,0.000153922854096,0.9998332309036408,0.0186260240028211,0.6476057319388512,1,1,0.0002117360995258,0.9997705926245202,0.0204538963394758,0.760614636798737,1,1,BlinkingVortex,0,5,Laplace_noise,0,2
0.9794348901990444,1.5283180476541274,9.7410087506347e-07,0.9999995781740468,0.0007940889497047,0.0583585943215865,1,1,1.2909487485432554e-06,0.9999994409658174,0.0008794947820835,0.0680717082039534,1,1,Bouali,0,5,Laplace_noise,0,0
0.979382031909113,1.551304083006058,2.8005479779540577e-06,0.9999987872469364,0.0008414772647202,0.0884583450634713,1,1,3.196651138777149e-06,0.9999986157178908,0.0008435905657394,0.0972933478894211,1,1,Bouali,0,5,Laplace_noise,0,1
0.9798793688518408,1.5412792921832523,2.044385364618731e-06,0.9999991146966116,0.0008913090613699,0.0854947088889266,1,1,2.0668535935548597e-06,0.9999991049669396,0.0009058689120507,0.0853034034810372,1,1,Bouali,0,5,Laplace_noise,0,2
0.9925276483127458,1.3870574544690837,2.429985730549677e-06,0.9999990129598164,0.0004926013567888,0.093233860847763,1,1,2.7080196714633584e-06,0.99999890002472,0.0005451405370012,0.0988864293696121,1,1,Bouali2,0,5,Laplace_noise,0,0
0.9927796875526318,1.374044438652353,5.337145650538767e-07,0.9999997832095407,0.0004683107220853,0.0411451158649716,1,1,5.706946563692688e-07,0.9999997681885324,0.0004644301487788,0.0418301773812906,1,1,Bouali2,0,5,Laplace_noise,0,1
0.9930187136047026,1.3827017863458062,5.908985397596086e-07,0.9999997599818814,0.0004964827871847,0.0429076538468846,1,1,6.248419370113269e-07,0.9999997461943532,0.0005022641010814,0.0443582015271405,1,1,Bouali2,0,5,Laplace_noise,0,2
0.9884422564453538,1.490769536916003,4.76284548156629e-05,0.9999512775351538,0.0011078003649691,0.3272037875633308,2,2,5.115364479121455e-05,0.9999476713727172,0.0012222385774402,0.335967133861954,2,2,BurkeShaw,0,5,Laplace_noise,0,0
0.9898262201624068,1.4945229875315769,1.3567800277261911e-06,0.9999986120551788,0.0008792083325399,0.0647501435835874,2,2,3.748161590594381e-06,0.9999961657443636,0.0009301696009495,0.1055395496460405,2,2,BurkeShaw,0,5,Laplace_noise,0,1
0.9890889088117556,1.4783285575467944,1.4183815744671285e-05,0.9999854903866464,0.0016309796900489,0.2264641588254716,1,1,1.6863546328778618e-05,0.9999827491035272,0.0017020845936914,0.248365123073341,1,1,BurkeShaw,0,5,Laplace_noise,0,2
0.9464865258681466,1.7083528014311944,3.425605578978732e-06,0.9999996815148464,0.0001634571386024,0.1017408528072914,2,2,3.519556277614204e-06,0.9999996727800688,0.0001635589097615,0.1003432035937,2,2,CaTwoPlus,0,5,Laplace_noise,0,0
0.9455571966846608,1.7120960585815812,2.8315949285429625e-06,0.9999997367411616,0.0001479592014289,0.0907932614760512,2,2,2.7666249330751467e-06,0.9999997427815472,0.000146504399854,0.0897311771268618,2,2,CaTwoPlus,0,5,Laplace_noise,0,1
0.9475359569784544,1.7041339888767608,3.0330237774495684e-06,0.9999997180139332,0.0001496382941149,0.0942312180447901,2,2,2.974085127173724e-06,0.999999723493573,0.0001486331777081,0.0932462668441753,2,2,CaTwoPlus,0,5,Laplace_noise,0,2
0.9660937685137794,1.5581848707812291,3.744462402902396e-06,0.9999994653683636,0.0002616127984617,0.1108924701700673,1,1,4.288343644785186e-06,0.9999993877133928,0.000278468294922,0.1187819914236059,1,1,CaTwoPlusQuasiperiodic,0,5,Laplace_noise,0,0
0.9649358251713406,1.5769564240693843,3.1154450272638192e-06,0.99999955517901,0.0002399423127049,0.1012468303415081,1,1,3.069507219700025e-06,0.999999561737977,0.0002377403129902,0.1004687524055749,1,1,CaTwoPlusQuasiperiodic,0,5,Laplace_noise,0,1
0.9655237351952878,1.5449565082687626,3.2017351227283e-06,0.9999995428585724,0.0002390474387403,0.1024450965933023,1,1,3.1723731702461107e-06,0.9999995470508508,0.0002380388519209,0.1019975157208139,1,1,CaTwoPlusQuasiperiodic,0,5,Laplace_noise,0,2
0.9935231464104766,1.7077649425114132,1.2906063505872556e-05,0.9999934306179604,0.0002644680721353,0.1785520104716486,3,3,1.2430112590540672e-05,0.999993672884194,0.0002600243017315,0.179520342918185,3,3,CellCycle,0,5,Laplace_noise,0,0
0.9932131700305123,1.706533661536764,1.313251141618931e-05,0.9999933153525402,0.0002634745137023,0.1632074465413952,3,3,1.455964738167536e-05,0.999992588918692,0.0002675913637541,0.1748935255141619,3,3,CellCycle,0,5,Laplace_noise,0,1
0.9933014405968084,1.7118837269676366,7.532390194559536e-06,0.9999961658991656,0.0002364643288285,0.1438792990884239,3,3,8.93429624075068e-06,0.9999954523077288,0.0002482459908068,0.1532617187510132,3,3,CellCycle,0,5,Laplace_noise,0,2
0.8732484089263775,1.160534708208997,4.6217949759614523e-07,0.9999995477863488,0.0014619465956995,0.0306560229453998,1,1,6.680720935772883e-07,0.9999993463333569,0.0016436113141857,0.0364085871886694,1,1,CellularNeuralNetwork,0,5,Laplace_noise,0,0
0.8735008199653855,1.1622103566599713,6.21851361547017e-07,0.9999993915574444,0.0015742721228391,0.0354944456064945,2,2,6.261924998847063e-07,0.9999993873099128,0.0015713684676966,0.0358505857983614,2,2,CellularNeuralNetwork,0,5,Laplace_noise,0,1
0.875795242459976,1.1513474845606524,6.077694780517558e-07,0.999999405335684,0.0015419329744935,0.0350966463907272,2,2,6.048999236482657e-07,0.9999994081433632,0.0015407154897429,0.034943175988355,2,2,CellularNeuralNetwork,0,5,Laplace_noise,0,2
0.9790322448590564,1.5728532366236547,1.3822063978436783e-05,0.9999967369875428,0.0007653038384634,0.2269268293647363,2,2,1.7274512395743708e-05,0.9999959219585997,0.0008846855874718,0.2536958744480224,2,2,Chen,0,5,Laplace_noise,0,0
0.9790604907231693,1.5421545313331124,1.7283961580387629e-06,0.9999995919727904,0.0007109410259225,0.0814685515522728,2,2,1.7650693072436552e-06,0.9999995833152598,0.0007054488264331,0.0821449759070214,2,2,Chen,0,5,Laplace_noise,0,1
0.9782539046244848,1.5771649684575628,1.884184727497289e-06,0.9999995551953568,0.0007362130566807,0.0776295614422683,2,2,2.046603667372378e-06,0.9999995168526732,0.0008128896143714,0.0801464391279371,2,2,Chen,0,5,Laplace_noise,0,2
0.9974255755436194,1.4158413012159274,1.1123738052904297e-06,0.9999995609334624,0.0013144143157694,0.0567668185517704,2,2,1.40764066495646e-06,0.9999994443882894,0.0015604001820092,0.062896405145253,2,2,ChenLee,0,5,Laplace_noise,0,0
0.996354637819781,1.4384297555487364,1.3258733796200082e-06,0.9999994766627628,0.0014832403695502,0.0617271210763935,2,2,1.3437943344099137e-06,0.999999469589159,0.0014499678647562,0.0621032640935825,2,2,ChenLee,0,5,Laplace_noise,0,1
0.9971340067859268,1.4239208537037435,1.2047434323098515e-06,0.9999995244741248,0.0015680052553262,0.0582337775695549,2,2,1.176892801575984e-06,0.999999535467084,0.0015785143022213,0.0576674656798532,2,2,ChenLee,0,5,Laplace_noise,0,2
0.9418621517325954,1.2296334159259854,3.90152114313394e-07,0.9999996220061864,0.0012365413152535,0.0287070296284488,0,0,5.100389445077645e-07,0.9999995058553864,0.00144248805407,0.0337669946365322,0,0,Chua,0,5,Laplace_noise,0,0
0.9421443752423176,1.2269794332415576,4.389351006477205e-07,0.9999995747434228,0.0013882454930392,0.0316474151758178,0,0,4.368673330898925e-07,0.9999995767467528,0.0013849181247913,0.0315681510094541,0,0,Chua,0,5,Laplace_noise,0,1
0.9401348296423212,1.239630306436681,4.595010035666441e-07,0.9999995548184148,0.0013816050593683,0.0320052051523555,0,0,4.6572996210847607e-07,0.9999995487835692,0.0013727452675016,0.0322459344289732,0,0,Chua,0,5,Laplace_noise,0,2
0.9833624546921808,1.8157775552634503,6.473106440217023e-07,0.9999995376874689,0.0021663072848134,0.0587122321834241,0,0,9.72127507509963e-07,0.9999993057016244,0.0028133373941696,0.0728594785320047,0,0,CircadianRhythm,0,5,Laplace_noise,0,0
0.9835589125725216,1.827657106037115,8.347158283406148e-07,0.9999994038417396,0.0026062070279691,0.067700399443725,0,0,8.394123701746029e-07,0.9999994004874456,0.0025443998230575,0.0680878807015813,0,0,CircadianRhythm,0,5,Laplace_noise,0,1
0.9840850736049176,1.8277859710429851,8.946980169839054e-07,0.9999993610021576,0.0025375168112995,0.0696506726244486,0,0,9.195922726552932e-07,0.9999993432225543,0.0025641122356344,0.070662747686858,0,0,CircadianRhythm,0,5,Laplace_noise,0,2
0.9892999450436084,1.5734540995689692,1.265118090615009e-06,0.9999996379745444,0.0032563726174762,0.065266154969172,2,2,1.2542698274910912e-06,0.999999641078877,0.0038692200772434,0.0642532709990148,2,2,CoevolvingPredatorPrey,0,5,Laplace_noise,0,0
0.9883789631169814,1.5817152354716328,5.932671147142793e-06,0.9999983023102814,0.0037235227706813,0.1157926603596332,1,1,5.979554049898813e-06,0.9999982888942972,0.0037205986418637,0.1158445174793976,1,1,CoevolvingPredatorPrey,0,5,Laplace_noise,0,1
0.9882825902027544,1.552206898998508,9.867668173773973e-07,0.9999997176273824,0.0036266249508929,0.0489009109651144,2,2,1.2287463635675071e-06,0.9999996483826564,0.0036187616351338,0.0586458185736665,2,2,CoevolvingPredatorPrey,0,5,Laplace_noise,0,2
0.9419980640109606,1.6916600921493907,1.0301134132019868e-05,0.999999554092422,0.0005423001779966,0.1832598425772542,2,2,1.4293722279780676e-05,0.9999993812643349,0.0006850271486598,0.1933920972845881,2,2,Colpitts,0,5,Laplace_noise,0,0
0.9437821413955988,1.687031592761342,1.0610575572887217e-05,0.9999995406975588,0.000608153097064,0.1672130873731084,2,2,1.038918493960854e-05,0.9999995502809464,0.0005975010188424,0.1644686469774367,2,2,Colpitts,0,5,Laplace_noise,0,1
0.9406995713683974,1.6892088592790215,1.1005112733822974e-05,0.9999995236191376,0.0006223410805056,0.1721791229954376,2,2,1.090971700581852e-05,0.9999995277485544,0.0006769982710166,0.1695072964867176,2,2,Colpitts,0,5,Laplace_noise,0,2
0.9710773028141576,1.5175725559588182,5.487055216284207e-07,0.9999994997495256,0.0009030220104732,0.0341794767654453,2,2,7.142889289729861e-07,0.9999993487884457,0.0010612951545135,0.0400329925866621,2,2,Coullet,0,5,Laplace_noise,0,0
0.9711568543781184,1.5175975082963684,5.584188782583807e-07,0.9999994908939353,0.000911446897358,0.0332637821825493,2,2,5.4858396656437e-07,0.9999994998603464,0.0009008249143093,0.0326592404315052,2,2,Coullet,0,5,Laplace_noise,0,1
0.9715564365424948,1.511585140363268,5.107990918387715e-07,0.9999995343085172,0.000943112196997,0.0313061119485026,1,1,5.1405318993133e-07,0.9999995313417815,0.0009413472078624,0.0315199083817765,1,1,Coullet,0,5,Laplace_noise,0,2
0.9955839859470736,1.3080511528260463,0.0120448057203816,0.9887250459120044,0.0049331301123369,5.461277773198902,2,2,0.0196152070136841,0.9816385117668122,0.0074577936714578,6.733578516334867,0,0,Dadras,0,5,Laplace_noise,0,0
0.9961743131440478,1.3052286298734914,0.0067527142458006,0.9936788899000736,0.0040528221127536,4.09656906627542,0,0,0.0032572337353767,0.9969509544883652,0.0039230196337558,2.830612018725072,0,0,Dadras,0,5,Laplace_noise,0,1
0.995935381064292,1.3075758593651976,0.0026866073832781,0.9974851088840998,0.0034639842525621,2.7592253076653703,0,0,0.0030454080838613,0.9971492411648746,0.0040620898289502,2.920834254866901,0,0,Dadras,0,5,Laplace_noise,0,2
0.990781343862278,1.7749120317643576,4.448940947442159e-07,0.9999997096188586,0.0012253254491757,0.0310991677630046,0,0,4.954350123748802e-07,0.999999676630942,0.0013497050241783,0.0327832941779966,0,0,DequanLi,0,5,Laplace_noise,0,0
0.99097047334988,1.8072888986572249,4.1672733324292e-07,0.9999997280032256,0.0013235689682828,0.0308050490858474,0,0,4.16324105248311e-07,0.9999997282664116,0.0013218028372445,0.0308184119149436,0,0,DequanLi,0,5,Laplace_noise,0,1
0.9919875723622512,1.7864163366988142,4.504927862260369e-07,0.9999997059646082,0.0013230555054115,0.0295697696047512,0,0,4.542611403827146e-07,0.999999703505014,0.0013244592384851,0.0296167562508185,0,0,DequanLi,0,5,Laplace_noise,0,2
0.9914316628082432,1.4173932180395137,6.275192999382124e-07,0.9999995368422012,0.0009454455434809,0.036438680123526,1,1,9.397304456443816e-07,0.9999993064062176,0.0011982573340909,0.0473290331090565,2,2,DoubleGyre,0,5,Laplace_noise,0,0
0.9907680018214344,1.424166842938598,8.282873769203345e-07,0.9999993886598254,0.0011135603377509,0.0412870525026915,1,1,8.492412220225736e-07,0.9999993731942663,0.0011242110999919,0.0424516819475896,2,2,DoubleGyre,0,5,Laplace_noise,0,1
0.9914041459986358,1.427325343641493,8.335836260581732e-07,0.9999993847507838,0.0013730854313914,0.0413671780314426,1,1,8.818818121733769e-07,0.9999993491029852,0.0014441804799086,0.0419790117533388,1,1,DoubleGyre,0,5,Laplace_noise,0,2
1.000057787400772,1.035826068106922,0.0001711365729476,0.9998353102767008,0.007927525124584,0.6655033573590109,2,2,0.0001768363157642,0.9998298252476904,0.0093867090341699,0.6509868243585041,2,2,DoublePendulum,0,5,Laplace_noise,0,0
1.000062155145834,1.0802589998172665,0.0002737251884867,0.9997365862552028,0.0077806343847811,0.8420690416326055,2,2,0.0003373021719532,0.9996754042668357,0.0101553608535214,0.8944721333330516,0,0,DoublePendulum,0,5,Laplace_noise,0,1
1.0000663860347998,1.1484032650462088,0.0001011248084473,0.9999026846428264,0.0070369782271681,0.4981585149536008,3,3,0.0001174370335937,0.9998869869120638,0.0090375900113976,0.5228334618752574,3,3,DoublePendulum,0,5,Laplace_noise,0,2
0.9639435830572666,1.2826580717045413,1.4950876485159436e-06,0.999998499212178,0.0021616585000557,0.0645323840915097,2,2,2.248878612628537e-06,0.9999977425473092,0.002576727234722,0.0833927367011233,2,2,Duffing,0,5,Laplace_noise,0,0
0.9631075812950012,1.2831558473032056,7.420047538622051e-07,0.9999992551662776,0.0019173467697771,0.0444886554037534,2,2,8.961178475085744e-07,0.999999100465612,0.0018899421760695,0.0508474788394411,2,2,Duffing,0,5,Laplace_noise,0,1
0.9642539846889964,1.2952696423275714,6.982770904954512e-07,0.9999992990606572,0.0018831654430042,0.0374713237818751,2,2,7.68079014477385e-07,0.9999992289926062,0.0021473971480102,0.0404473152471974,2,2,Duffing,0,5,Laplace_noise,0,2
0.9958303788148268,1.1032799540475482,0.1050411979708691,0.9998806380270824,0.0005818726826329,22.106709685570465,2,2,0.2593615827083946,0.9997052783973416,0.0011396201317898,34.81582096862368,2,2,ExcitableCell,0,5,Laplace_noise,0,0
0.9962699875560702,1.0998963327079587,0.1945265508336824,0.9997789527029306,0.0007666102177557,30.122335027889,2,2,0.0859654310819222,0.999902314485603,0.0006351109340531,19.97945838781331,2,2,ExcitableCell,0,5,Laplace_noise,0,1
0.9977259484246506,1.1007522637947798,0.3849218779252686,0.9995625998593324,0.0014283260954831,42.38248839154581,2,2,2.4203163343799874,0.9972497102247748,0.0051135489794397,106.00479295007074,2,2,ExcitableCell,0,5,Laplace_noise,0,2
0.9671402253220592,1.5052694038330912,2.0563588206635373e-06,0.9999997375274624,0.00052253918999,0.0912090873667485,1,1,2.948116694740194e-06,0.9999996237039652,0.0005870948850418,0.1098910220077958,1,1,Finance,0,5,Laplace_noise,0,0
0.9686425101467036,1.5171050948434484,2.9805356074194767e-06,0.9999996195660328,0.0005684383485714,0.1106508072330314,1,1,3.03522889182265e-06,0.9999996125850112,0.0005794133491729,0.1118385526315847,1,1,Finance,0,5,Laplace_noise,0,1
0.966957513398752,1.519896910949576,4.25582827975157e-06,0.9999994567883596,0.0005870446362855,0.1289347022175858,1,1,4.767329796715624e-06,0.99999939150058,0.0005862503166638,0.1365240337153873,1,1,Finance,0,5,Laplace_noise,0,2
0.9867169974704004,1.363117567870362,6.197196355414921e-07,0.9999989667098408,0.0023374790499704,0.0453792813368919,1,1,1.070437012703011e-06,0.9999982152057671,0.0029171643637488,0.0594267626706642,1,1,FluidTrampoline,0,5,Laplace_noise,0,0
0.9866049317325488,1.361864938567118,8.998140509905107e-07,0.9999984996941346,0.0025774765630801,0.0553600683713462,1,1,9.30602204073876e-07,0.9999984483594764,0.0025071346086005,0.056451972571005,1,1,FluidTrampoline,0,5,Laplace_noise,0,1
0.986577218782966,1.3700000777490906,9.18116730669064e-07,0.9999984691771432,0.0029845366502782,0.0562374129945641,1,1,1.0097190866385515e-06,0.9999983164438626,0.0031583494897447,0.0592088040467341,1,1,FluidTrampoline,0,5,Laplace_noise,0,2
0.9368655916753392,1.6700361066364973,1.507997613440231e-06,0.9999998327765413,0.0003815045103863,0.0685305101492432,1,1,1.876252425854776e-06,0.9999997919403736,0.000447851424583,0.070877525804061,1,1,ForcedBrusselator,0,5,Laplace_noise,0,0
0.9350122292371564,1.6785339829868382,1.4873847997930934e-06,0.999999835062318,0.0004165945967066,0.0643524923557621,1,1,1.4674775182146882e-06,0.9999998372698576,0.0004146269907969,0.0642717125511704,1,1,ForcedBrusselator,0,5,Laplace_noise,0,1
0.935363148401596,1.6745855872320894,1.4344911526033328e-06,0.9999998409277508,0.0004117157370497,0.0648110824161381,1,1,1.438861401906286e-06,0.9999998404431292,0.0004140583178235,0.0649340664434288,1,1,ForcedBrusselator,0,5,Laplace_noise,0,2
0.9261823634118982,1.375231257309908,3.326263682428593e-07,0.9999997713907934,0.0014056412914843,0.0250880377843902,0,0,4.5507176880866253e-07,0.999999687235872,0.0016703401144076,0.0305412622012682,2,2,ForcedFitzHughNagumo,0,5,Laplace_noise,0,0
0.9272006619760812,1.3802910818559122,5.302699108792872e-07,0.999999635553296,0.0016144558230042,0.0342066539114009,0,0,5.529349868500056e-07,0.9999996199759228,0.0016316718953744,0.0359787352102382,0,0,ForcedFitzHughNagumo,0,5,Laplace_noise,0,1
0.9271026554507432,1.375842975723459,4.879399435943618e-07,0.9999996646460592,0.001576870838246,0.0320501406288554,0,0,5.274146791148792e-07,0.9999996375156546,0.0015907932324198,0.034145912256978,0,0,ForcedFitzHughNagumo,0,5,Laplace_noise,0,2
0.9887147276795912,0.5402052005245722,0.0003172644638225,0.9996832294320136,0.0021524284923563,0.7674800219099553,1,1,0.0004891829457242,0.9995115785811642,0.0031533893028399,1.0237969704776977,0,0,ForcedVanDerPol,0,5,Laplace_noise,0,0
0.98941368668742,0.544982471075564,0.0026005623239297,0.9974034860554186,0.0032121071454915,3.013389340924204,1,1,0.0041403771746642,0.9958660682841868,0.0060364936378622,3.02424620348174,1,1,ForcedVanDerPol,0,5,Laplace_noise,0,1
0.9900278197690222,0.5382524501491414,5.90776467589998e-05,0.9999410143213214,0.0018154874267307,0.4087175268765474,0,0,8.984460350925118e-05,0.9999102952604864,0.0021084065214888,0.4828969932922332,0,0,ForcedVanDerPol,0,5,Laplace_noise,0,2
0.9524317306513834,1.439726799894174,3.061883444738976e-07,0.999999762580417,0.0007897600687655,0.0229490159789854,2,2,3.757978716427277e-07,0.9999997086049304,0.0008645503035555,0.0254195076273282,2,2,GenesioTesi,0,5,Laplace_noise,0,0
0.948012715484844,1.4497762274746562,3.283420380914477e-07,0.9999997454023604,0.0008204272834124,0.0236194841145254,2,2,3.2700552720765615e-07,0.999999746438696,0.0008179978624748,0.023556032125933,2,2,GenesioTesi,0,5,Laplace_noise,0,1
0.9490170738277536,1.4367633985844148,3.4222720333542773e-07,0.9999997346357516,0.0008481043587575,0.0243308107288699,2,2,3.452386349813959e-07,0.9999997323006764,0.000852381657122,0.0244405443098214,2,2,GenesioTesi,0,5,Laplace_noise,0,2
0.995805827139102,1.4740775068575864,2.028533578856308e-07,0.999999811472568,0.0016946489446483,0.0195428052777623,0,0,2.528050754164225e-07,0.9999997650485444,0.0018131689307078,0.0220838944730037,0,0,GuckenheimerHolmes,0,5,Laplace_noise,0,0
0.9959348695569512,1.4569878836794865,2.231751885747409e-07,0.9999997925859072,0.001824850517834,0.020012156712072,1,1,2.349086085546701e-07,0.9999997816811256,0.0018303749779962,0.0209942688662436,1,1,GuckenheimerHolmes,0,5,Laplace_noise,0,1
0.995875070146902,1.4738405095176623,1.831695230215879e-07,0.9999998297662894,0.0018175907913409,0.0188913049992973,2,2,1.888979087449304e-07,0.9999998244424542,0.0018175955573476,0.0190927028471841,2,2,GuckenheimerHolmes,0,5,Laplace_noise,0,2
0.9813566155303496,1.6375574642686157,3.853858201776748e-07,0.9999997404011228,0.0011179271670854,0.028741863480273,0,0,4.5280518725038193e-07,0.9999996949869144,0.0011972296463416,0.0308199393986719,0,0,Hadley,0,5,Laplace_noise,0,0
0.9815910733062884,1.626368486265365,3.8528435042072933e-07,0.9999997404694736,0.0009047702164802,0.0275851396350731,0,0,3.865699381359749e-07,0.999999739603492,0.0008992656417708,0.0276576642300855,0,0,Hadley,0,5,Laplace_noise,0,1
0.9801543591361588,1.6273720633956943,3.627915418200141e-07,0.999999755620804,0.0009582486261242,0.0260895345741147,0,0,3.6711997407433204e-07,0.9999997527051384,0.0009606436320358,0.0262446746886239,0,0,Hadley,0,5,Laplace_noise,0,2
0.9645660910986918,1.3538263486734594,3.922471999963901e-07,0.9999996079785124,0.0008504987965885,0.0277768947769558,0,0,5.082786034800328e-07,0.9999994920138772,0.0009336279971053,0.0315572760687799,0,0,Halvorsen,0,5,Laplace_noise,0,0
0.9638006602912568,1.3441401237944035,4.933691776998476e-07,0.9999995069147236,0.000883567801045,0.0306983936608783,0,0,4.98302885018825e-07,0.9999995019838552,0.0008838183801636,0.0307718157704508,0,0,Halvorsen,0,5,Laplace_noise,0,1
0.9629998122973102,1.3624489036337333,5.310376906127278e-07,0.9999994692678864,0.0008986048126397,0.0327279555942718,0,0,5.421477851221678e-07,0.999999458164185,0.0009008790884501,0.0330679900724581,0,0,Halvorsen,0,5,Laplace_noise,0,2
0.9470052618015776,1.8615398725560552,1.928018207110165e-06,0.9999998772443328,0.0001783626517047,0.087607288558943,2,2,1.770483028664533e-06,0.9999998872744952,0.0001899539454846,0.0834489644580388,2,2,HastingsPowell,0,5,Laplace_noise,0,0
0.948867850282531,1.85957410977888,1.6937781050366745e-06,0.999999892158248,0.0001810288770963,0.0815626669007244,2,2,1.696392721386174e-06,0.9999998919917772,0.0001812617975433,0.0816224291755972,2,2,HastingsPowell,0,5,Laplace_noise,0,1
0.9462297220710312,1.871096083376082,1.6870059574880062e-06,0.9999998925894262,0.0001832922777136,0.0814191510863442,2,2,1.6884887994844344e-06,0.9999998924950146,0.0001835246537083,0.081469304490464,2,2,HastingsPowell,0,5,Laplace_noise,0,2
0.9408618778995324,1.881955265841412,7.06462709405044e-07,0.9999992954003936,0.0017316621833046,0.0342413170078255,3,3,7.052473617085272e-07,0.9999992966125362,0.0017997068872689,0.0342400012337925,3,3,HenonHeiles,0,5,Laplace_noise,0,0
0.9404295880574566,1.89011415706546,6.935413178540201e-07,0.9999993082877084,0.0017510691642626,0.0338861896157985,3,3,6.918526719656409e-07,0.999999309971901,0.0017512892004309,0.0338157535905083,3,3,HenonHeiles,0,5,Laplace_noise,0,1
0.9408236053657976,1.8851453230545048,6.96421182139551e-07,0.999999305415439,0.0017849863334311,0.0340309615284566,2,2,6.9607186559065e-07,0.9999993057638344,0.0017824944218923,0.0339748922268856,2,2,HenonHeiles,0,5,Laplace_noise,0,2
0.9944827601950368,1.2746006192955357,1.4424227265876334e-05,0.9999903741135155,0.0016483541974285,0.2243164799713839,0,0,1.3991572588096e-05,0.999990662841968,0.0017860278716891,0.2210927584776089,0,0,HindmarshRose,0,5,Laplace_noise,0,0
0.9947982814810298,1.265983468225932,3.06125688223084e-06,0.9999979570960228,0.0015670860222093,0.0940996936868831,0,0,4.0959755554612295e-06,0.999997266585238,0.0015593314618713,0.1104213983640719,0,0,HindmarshRose,0,5,Laplace_noise,0,1
0.9940824883051688,1.2926074121565518,4.441833001062854e-06,0.9999970357801868,0.0018332795328704,0.1026045652243151,0,0,4.9786880586799e-06,0.9999966775144892,0.0018959115411187,0.1134893850963528,0,0,HindmarshRose,0,5,Laplace_noise,0,2
0.9808877951950756,1.4001573875095736,2.328876193345477e-06,0.9999978040398052,0.0022576852511074,0.0653618052219136,0,0,3.64383140103638e-06,0.9999965641330628,0.0026758857885178,0.0878121045844308,4,4,Hopfield,0,5,Laplace_noise,0,0
0.9810275156571712,1.4106424365146848,3.00161184457539e-06,0.9999971696992094,0.0023465187947627,0.0828278559001041,0,0,3.1729669910286324e-06,0.9999970081238186,0.0022539137320154,0.0874595934050733,0,0,Hopfield,0,5,Laplace_noise,0,1
0.9805715255056738,1.4075593178296533,3.521611181397668e-06,0.9999966793778052,0.0023513706246828,0.0853063974024687,0,0,4.008230534154128e-06,0.9999962205312888,0.0024219196954559,0.0931654359838674,0,0,Hopfield,0,5,Laplace_noise,0,2
0.9917595218787956,1.7552067838009606,1.3748712999374051e-06,0.9999995490562184,0.0010936034205679,0.069464670471951,2,2,1.716760352238836e-06,0.9999994369200916,0.0012387483045527,0.0777311264212217,2,2,HyperBao,0,5,Laplace_noise,0,0
0.99217464052756,1.7530514891797468,1.322451359559796e-06,0.9999995662494248,0.0012607519203331,0.0776312327330387,2,2,1.3234890470247836e-06,0.999999565909074,0.0012671339128239,0.0776685201128094,2,2,HyperBao,0,5,Laplace_noise,0,1
0.9921522054088344,1.740798097478913,1.1459705822743166e-06,0.999999624133322,0.0012431108457526,0.0699951562515901,2,2,1.153503405890695e-06,0.9999996216626328,0.0012423319761816,0.0700163208197868,2,2,HyperBao,0,5,Laplace_noise,0,2
0.9968023890022824,1.6883563738574898,1.2699108947319964e-06,0.9999996658957028,0.0009821495508573,0.0765225781170504,2,2,1.7940125222263272e-06,0.999999528008386,0.001112528141557,0.0911813317343307,2,2,HyperCai,0,5,Laplace_noise,0,0
0.9968460881426128,1.6819635352713458,1.0846107743629173e-06,0.9999997146468134,0.0010395346447139,0.0698429227808897,2,2,1.068197010404589e-06,0.999999718965155,0.0010413835307567,0.0693160324164033,2,2,HyperCai,0,5,Laplace_noise,0,1
0.9965196083539972,1.686367208602562,1.1129006852966045e-06,0.999999707203944,0.0010545583479593,0.0709397090184584,2,2,1.13348202858939e-06,0.9999997017891428,0.0010621398676848,0.0715596534281029,2,2,HyperCai,0,5,Laplace_noise,0,2
0.992153547154227,1.7161697225109178,1.314036317846575e-06,0.999999510946292,0.0016359593539879,0.0753128311622974,2,2,1.626548300419529e-06,0.999999394636612,0.0017660482641478,0.0839046564370357,2,2,HyperJha,0,5,Laplace_noise,0,0
0.9922525782375192,1.7123996141467248,1.0713878322299916e-06,0.999999601254406,0.0015758864061943,0.0657826803203023,2,2,1.0711265669515174e-06,0.9999996013516428,0.001558465602112,0.065792880270947,2,2,HyperJha,0,5,Laplace_noise,0,1
0.9918744830279248,1.7249807709951397,1.6387372760239937e-06,0.999999390100159,0.0015832086143359,0.0837050408326131,2,2,1.667376289208661e-06,0.9999993794413856,0.0015941688865068,0.0843588003743241,2,2,HyperJha,0,5,Laplace_noise,0,2
0.9972020040465822,1.6804001787953198,1.5067832561636806e-06,0.9999994548522464,0.0018060930694146,0.0791558148374878,2,2,1.8089175588137453e-06,0.9999993455413448,0.001944323467698,0.0869602458257952,2,2,HyperLorenz,0,5,Laplace_noise,0,0
0.9969415836467288,1.676278802303198,2.1602176310887536e-06,0.9999992184424776,0.001481067036985,0.0978347988512891,2,2,2.203687380048176e-06,0.9999992027153078,0.001517943784963,0.0988673240674442,2,2,HyperLorenz,0,5,Laplace_noise,0,1
0.9967909791027816,1.6782910103897617,1.5219229995851063e-06,0.999999449374752,0.0018371088891429,0.0794264389965083,2,2,1.56641253970328e-06,0.9999994332786262,0.0018660969207926,0.080394494403994,2,2,HyperLorenz,0,5,Laplace_noise,0,2
0.9973248775611384,1.665721709085651,1.0391786421463838e-06,0.9999996798758992,0.0012450501780865,0.0688705772471579,2,2,1.344032907714284e-06,0.9999995859640408,0.0013578289814232,0.0780320930634131,2,2,HyperLu,0,5,Laplace_noise,0,0
0.997229684848828,1.6647830156886794,1.2893556804422838e-06,0.99999960280763,0.0012092567379455,0.0752195306488904,2,2,1.42132740055258e-06,0.9999995621530912,0.001203698636362,0.0792693723220127,2,2,HyperLu,0,5,Laplace_noise,0,1
0.9970781083234348,1.6565460428256027,3.4403100450423227e-06,0.99999894019554,0.0012754063754086,0.1100627167425829,2,2,4.064183233897206e-06,0.9999987480083304,0.0012919725530939,0.1195401577960616,2,2,HyperLu,0,5,Laplace_noise,0,2
0.9968123138406608,1.6816410229716938,2.325939486479585e-06,0.9999992834121988,0.0014832953299413,0.1036308380405953,2,2,2.918965183661955e-06,0.9999991007096894,0.0016176137765473,0.115987511770654,2,2,HyperPang,0,5,Laplace_noise,0,0
0.9968674493262945,1.6879936203386998,1.5564983087607631e-06,0.9999995204657268,0.0016328612677647,0.0824144768063037,2,2,1.5628088107429843e-06,0.999999518521554,0.0016389505219681,0.0826335712499047,2,2,HyperPang,0,5,Laplace_noise,0,1
0.9969665154441988,1.68721828465726,3.805821075116252e-05,0.9999882748241198,0.0018205491395556,0.4822462995383711,2,2,4.389018934670174e-05,0.999986478077152,0.0018635934494279,0.5179625035683959,2,2,HyperPang,0,5,Laplace_noise,0,2
0.9997221276581972,0.847643016384356,0.1050810695924258,0.92782074176564,0.028830649106133,17.723694337275397,2,2,0.146183414048969,0.8995879045279394,0.0413656891838344,21.418006389985063,2,2,HyperQi,0,5,Laplace_noise,0,0
0.9997318117848472,0.8152206892260879,0.1058506309127455,0.9272921368943536,0.0317181159794679,18.74297548749167,2,2,0.183832493470911,0.8737270845303653,0.0529765323140247,24.26183255274286,2,2,HyperQi,0,5,Laplace_noise,0,1
0.999754999649522,0.8513034157707099,0.0945978337925486,0.9350215838094628,0.0276461085126571,17.676524450769175,2,2,0.1552826352787459,0.8933377298635298,0.0442786801425207,22.70410076170553,2,2,HyperQi,0,5,Laplace_noise,0,2
0.990804297723128,1.636966674180507,4.396392182863692e-05,0.9999936501781233,0.0012928586331928,0.4286870343747752,3,3,5.466209561601052e-05,0.9999921050134716,0.0013957679314712,0.4476236718700339,3,3,HyperRossler,0,5,Laplace_noise,0,0
0.9902209146359152,1.6441532595456751,0.0001437504249114,0.9999792377578038,0.0016459608539273,0.7318905168714684,2,2,0.0002147392620463,0.9999689846581644,0.0017426442308441,0.9384425295614144,2,2,HyperRossler,0,5,Laplace_noise,0,1
0.9900726336894996,1.6528566816080323,2.0777650373166503e-05,0.9999969990307188,0.0012988154332723,0.3022108752458238,2,2,1.5254328378959854e-05,0.9999977967782666,0.0013230911932074,0.2590152156364825,2,2,HyperRossler,0,5,Laplace_noise,0,2
0.9990427168506636,1.544356022953365,5.367025778419166e-06,0.999998022041984,0.0013768644521811,0.1677718084930743,2,2,6.452134583300695e-06,0.9999976221371304,0.0014942725828165,0.1821894246792175,2,2,HyperWang,0,5,Laplace_noise,0,0
0.9990292997165638,1.5595374590347482,1.363532211813292e-05,0.9999949748527772,0.0014011630421806,0.2664436193925562,2,2,1.1619627121722518e-05,0.9999957177148838,0.0013992783452446,0.2437818152507528,2,2,HyperWang,0,5,Laplace_noise,0,1
0.9990402313447476,1.558359425182065,3.0015366910343857e-07,0.9999998893816836,0.0014727869865236,0.0338041064872052,2,2,4.770859566098315e-07,0.999999824175245,0.0014836701112061,0.0450219422093527,2,2,HyperWang,0,5,Laplace_noise,0,2
0.9973598952592598,1.6696738614658937,0.0002389758955747,0.9999309967229268,0.0022441463057666,1.1491040712954717,2,2,0.0003427942694039,0.9999010196074634,0.0024007329607707,1.3796559478230377,2,2,HyperXu,0,5,Laplace_noise,0,0
0.9975559976765204,1.6623398948622756,1.2018413085139446e-05,0.9999965297341554,0.001772984308035,0.2483091673381285,2,2,1.2664969347602093e-05,0.9999963430437748,0.0017685635584278,0.2556584337561176,2,2,HyperXu,0,5,Laplace_noise,0,1
0.9974064463399755,1.6623412953319037,0.0005332183877326,0.9998460354503088,0.0024793128433372,1.69611505471396,2,2,0.0006921900562523,0.9998001330547418,0.0027866540990976,1.9320084683366483,2,2,HyperXu,0,5,Laplace_noise,0,2
0.9919360700211184,1.5364827309985036,0.0090943648614868,0.9949982644832682,0.0028569009440809,7.088447393981647,2,2,0.0138476817320001,0.992384026526508,0.0042106426376232,8.755710752351328,2,2,HyperYan,0,5,Laplace_noise,0,0
0.9911028391749692,1.5443317884405574,0.0081563958252891,0.9955141304193066,0.0027821646670882,5.266853476540415,2,2,0.0156356261511662,0.9914006895657096,0.004848816033544,7.877249929961199,2,2,HyperYan,0,5,Laplace_noise,0,1
0.9910866077865824,1.5257355280186295,0.0103957169505054,0.9942825444673514,0.0035631228341357,6.062776730002914,2,2,0.02362752898058,0.9870052881454928,0.0055635837483605,9.126822872498645,2,2,HyperYan,0,5,Laplace_noise,0,2
0.9967778146398996,1.7408109504297735,5.836055961628208e-06,0.999998147998929,0.0015337233478355,0.1837711182319348,2,2,6.290876306436862e-06,0.9999980036672484,0.0017251586221493,0.1900768429914068,2,2,HyperYangChen,0,5,Laplace_noise,0,0
0.9968340654292168,1.7325111835544529,3.366132028584564e-05,0.9999893179911864,0.0018736338328954,0.4275460864366109,2,2,3.436355609814577e-05,0.9999890951452294,0.0018907105864004,0.4318842750250641,2,2,HyperYangChen,0,5,Laplace_noise,0,1
0.996928079189103,1.7371856282856797,0.0001358905322169,0.9999568767995284,0.0021464728150713,0.7800758732676785,2,2,0.000162623129055,0.9999483935364656,0.0021767932290626,0.8679549487227562,2,2,HyperYangChen,0,5,Laplace_noise,0,2
1.0000176214218013,0.4581909750757164,0.0206353918185631,0.9790585275440006,0.0635821161384622,6.66147999466734,6,6,0.0645664293769238,0.9344758696967048,0.1357982657114171,11.547648849806382,6,6,IkedaDelay,0,5,Laplace_noise,0,0
1.000016184246889,0.4473052501035834,0.0287798448169458,0.9707932695041032,0.0805578792794198,8.089478267506836,5,5,0.072331477530814,0.9265956441374344,0.1630227248563532,12.044158086413168,9,9,IkedaDelay,0,5,Laplace_noise,0,1
1.0000172009978372,0.4570500355892813,0.0336395850183932,0.9658614457487446,0.0875867090783768,8.636573833545809,0,0,0.0636569181409824,0.935398871530804,0.1493569243315525,11.088970755478528,2,2,IkedaDelay,0,5,Laplace_noise,0,2
0.9209762218246564,1.7205400049479211,1.1803968036620988e-05,0.9999997632441288,0.0002351569322771,0.2203027906686543,2,2,1.3539738208447787e-05,0.9999997284292446,0.000250655830336,0.2350700727488081,2,2,IsothermalChemical,0,5,Laplace_noise,0,0
0.9234103851363704,1.7215948538027923,8.484769380574011e-06,0.999999829818332,0.0001923476427143,0.1857877555031644,2,2,8.18188535403864e-06,0.9999998358933716,0.0001867358853637,0.1823323424004285,2,2,IsothermalChemical,0,5,Laplace_noise,0,1
0.9249689001323226,1.7126066522903434,8.813878901823275e-06,0.9999998232172798,0.0001898668935214,0.1898811197260951,2,2,8.773864594834134e-06,0.9999998240198592,0.0001900574256625,0.1894132742315123,2,2,IsothermalChemical,0,5,Laplace_noise,0,2
0.9874785510355192,1.4699843290126138,7.136738241155669e-07,0.9999995076662364,0.0547858357977751,0.0394052692642727,2,2,1.1484609497088889e-06,0.999999207724758,0.0585003195866296,0.0497024096582908,2,2,ItikBanksTumor,0,5,Laplace_noise,0,0
0.9875992528696046,1.4659930599077,1.102713465661282e-06,0.9999992392840366,0.0574897062069138,0.0503705278906517,2,2,1.0777349414123895e-06,0.9999992565156772,0.0573840500955121,0.0496116217409697,2,2,ItikBanksTumor,0,5,Laplace_noise,0,1
0.9867343513843952,1.463852500058168,9.99501710435449e-07,0.9999993104855156,0.0576310461829962,0.0481792794368436,2,2,9.606545703482632e-07,0.9999993372845352,0.057695340266248,0.0475488464414295,2,2,ItikBanksTumor,0,5,Laplace_noise,0,2
0.9771469132002576,0.8322170732088116,0.0002520015234239,0.9997721228072336,0.0029509426846659,1.0847938585181227,2,2,0.0019895452081155,0.9982009157296068,0.0047568653349267,3.075220212647791,2,2,JerkCircuit,0,5,Laplace_noise,0,0
0.981503996944958,0.8099263455896495,0.0002854795818214,0.9997418496332336,0.0034026738999196,1.0681642888387153,2,2,0.0003392994146301,0.9996931820210344,0.0037187474389553,1.178976710295366,2,2,JerkCircuit,0,5,Laplace_noise,0,1
0.9780137180747934,0.8101374448224493,0.0005022276249696,0.9995458510736251,0.0030360968325277,1.5229777325578893,2,2,0.0004451776143444,0.9995974396358368,0.003215330410001,1.4110198276711767,2,2,JerkCircuit,0,5,Laplace_noise,0,2
1.0231969149371076,1.145449298190688,1.098985120121043e-07,0.9999999740069566,0.0004050833940215,0.0150038172842743,2,2,1.2336133833068158e-07,0.9999999708227476,0.0004171250948302,0.0158708950753033,2,2,KawczynskiStrizhak,0,5,Laplace_noise,0,0
1.0234174958834863,1.0832303460963264,1.340681459759165e-07,0.9999999682903884,0.0003976690946739,0.0159938872958571,2,2,1.3258457757220942e-07,0.99999996864128,0.000396691927409,0.015878485453691,2,2,KawczynskiStrizhak,0,5,Laplace_noise,0,1
1.0228349217436707,1.062947865363329,1.4730759209674888e-07,0.999999965159013,0.0004308553506954,0.0174025506564967,2,2,1.4813916813920568e-07,0.9999999649623298,0.0004319613369172,0.017426843656685,2,2,KawczynskiStrizhak,0,5,Laplace_noise,0,2
0.9644432744326692,1.7025855924024127,3.022749360938684e-07,0.9999998025943966,0.0011157816728729,0.0296999276247478,2,2,3.895993619270663e-07,0.9999997455657484,0.0012279550459069,0.0335548855192502,2,2,Laser,0,5,Laplace_noise,0,0
0.9641325775622418,1.6953729049803383,3.340311225437699e-07,0.9999997818554984,0.0011393525299287,0.0313512891822938,2,2,3.315031081861065e-07,0.9999997835064596,0.0010325199675868,0.0312869430899272,2,2,Laser,0,5,Laplace_noise,0,1
0.9662629587461584,1.678345600611635,3.082304939456748e-07,0.999999798705022,0.0010731679259418,0.0298580336405462,2,2,3.076365045402741e-07,0.9999997990929363,0.0010950244350067,0.02979957868903,2,2,Laser,0,5,Laplace_noise,0,2
0.998212436309291,0.455559358681448,0.0640741134667983,0.9397693428109216,0.5585465763536892,13.47277435039553,2,2,0.1287284266455926,0.8789932889231822,0.5792031036026454,18.105497038499674,2,2,LiuChen,0,5,Laplace_noise,0,0
0.9983514203907914,0.4712493807477651,0.044855071372202,0.957835539489584,0.5470526644043965,11.59044635757102,2,2,0.1161170837113232,0.8908481462418322,0.5670362972946367,17.23341872897316,2,2,LiuChen,0,5,Laplace_noise,0,1
0.9982677738933412,0.4679156188741613,0.0979345518246931,0.9079400073014562,0.5554639502688743,15.778196572994132,2,2,0.1280652351233451,0.8796166992064612,0.5732003654373551,18.29797626931895,2,2,LiuChen,0,5,Laplace_noise,0,2
0.9585889333058144,1.4919603195213944,7.507183192166404e-07,0.9999996975973656,0.0006537444134096,0.0506364981307617,2,2,9.040405163098944e-07,0.9999996358364692,0.0007515217768437,0.055462884069435,2,2,Lorenz,0,5,Laplace_noise,0,0
0.9625338266139704,1.4958063422544357,7.09170389005266e-07,0.9999997143336078,0.0006837095603901,0.0484195829784746,2,2,7.19453080723546e-07,0.9999997101915574,0.0006779421244654,0.0488476873577922,2,2,Lorenz,0,5,Laplace_noise,0,1
0.9602071813207046,1.5128319846750748,7.302804060093218e-07,0.9999997058301192,0.0006791240968771,0.0494262585708638,2,2,7.371723417899612e-07,0.9999997030539252,0.0006874723692662,0.0496861707570753,2,2,Lorenz,0,5,Laplace_noise,0,2
0.9666006614388488,1.7045072775333896,4.336619186828013e-07,0.9999995854877956,0.0018957325290412,0.0321760109289811,1,1,5.818746421928137e-07,0.999999443819874,0.0023844382346436,0.0389784597454535,1,1,Lorenz84,0,5,Laplace_noise,0,0
0.9646891231157272,1.695798002043701,5.069905407213017e-07,0.999999515397231,0.0023287829571722,0.035949733096675,1,1,4.988449365138904e-07,0.9999995231831402,0.0023362955574021,0.0355617211621332,1,1,Lorenz84,0,5,Laplace_noise,0,1
0.9654574793603578,1.7078214872971005,5.09692079804621e-07,0.9999995128149868,0.0023875748706051,0.0354806600340523,1,1,5.123214209441379e-07,0.9999995103017526,0.0024106743463797,0.0355141106138711,1,1,Lorenz84,0,5,Laplace_noise,0,2
0.9957378506741792,1.4935381022922578,1.7225574444081776e-06,0.9999983758751376,0.0030459376930444,0.0576143576368445,0,0,2.009059941797213e-06,0.9999981057443325,0.0036366403220395,0.0611981366313587,0,0,Lorenz96,0,5,Laplace_noise,0,0
0.99584906476869,1.4970817380699804,2.473723177407492e-06,0.999997667633478,0.0030919407054738,0.0686969256962411,1,1,2.5726785070739795e-06,0.9999975743327804,0.0031153076963587,0.0701760035613603,1,1,Lorenz96,0,5,Laplace_noise,0,1
0.995861964583736,1.4964127603556818,2.7544493291653933e-06,0.9999974029489394,0.0031585561413732,0.0742227201261229,0,0,2.8873361447625195e-06,0.9999972776557122,0.0031629390193803,0.0770502334412361,0,0,Lorenz96,0,5,Laplace_noise,0,2
0.9438696605918048,1.4867776265803114,7.05425481087387e-07,0.9999997274044424,0.000601585824642,0.0479149103211823,2,2,8.712774268375905e-07,0.9999996633147478,0.0006577236102434,0.0532305716693937,2,2,LorenzBounded,0,5,Laplace_noise,0,0
0.9446565977665858,1.488373508074298,1.1352807455878198e-06,0.999999561296698,0.0005934169267435,0.0609057426927709,2,2,1.1455312073407928e-06,0.9999995573356412,0.0005945988438306,0.0610347272412638,2,2,LorenzBounded,0,5,Laplace_noise,0,1
0.9447699089093928,1.4821842329872337,6.84987121033449e-07,0.9999997353023796,0.0005966264886227,0.046681230508205,2,2,6.899988440018786e-07,0.9999997333657136,0.0005963257521509,0.0468125994621084,2,2,LorenzBounded,0,5,Laplace_noise,0,2
0.9994307280231572,1.7619123570859767,1.5390109632973317e-05,0.9999939582058284,0.0013614037957409,0.3151680971730417,2,2,1.7427629429361446e-05,0.9999931583235973,0.0015451260917943,0.3323165263575316,2,2,LorenzCoupled,0,5,Laplace_noise,0,0
0.999367086454824,1.772939034120342,5.023394733445165e-06,0.99999802793367,0.0012692408625336,0.1777978159454329,2,2,5.12302780761936e-06,0.9999979888200742,0.0012708894534764,0.1785194899011617,2,2,LorenzCoupled,0,5,Laplace_noise,0,1
0.999442388722646,1.752042855366368,6.814612873457739e-06,0.9999973247436618,0.0013454177053888,0.2110970939626027,2,2,7.1381475777338986e-06,0.9999971977315651,0.001375009411885,0.2162308239589937,2,2,LorenzCoupled,0,5,Laplace_noise,0,2
0.9840510602604228,1.5853550714371611,4.193143326212988e-06,0.9999989368125104,0.0012266536355387,0.1467487309332395,2,2,4.566601261318781e-06,0.999998842120826,0.0014253922587474,0.1519547640022084,2,2,LorenzStenflo,0,5,Laplace_noise,0,0
0.9835382792916304,1.5840943094058206,2.8052279238005715e-06,0.9999992887237564,0.001206075772177,0.1173482159338122,2,2,2.8653933882392024e-06,0.9999992734685732,0.0011897456707104,0.1182743274106424,2,2,LorenzStenflo,0,5,Laplace_noise,0,1
0.9828323108523188,1.581110204670504,1.6577544350765002e-06,0.9999995796700376,0.0012263528132279,0.0887461365402721,2,2,1.69641298633698e-06,0.9999995698680144,0.0012268766216723,0.0898906701868696,2,2,LorenzStenflo,0,5,Laplace_noise,0,2
0.9673022967881256,1.538585951623201,2.995419093557865e-06,0.9999991317801756,0.0004971791438826,0.1153132658229474,2,2,3.3751265768786043e-06,0.9999990217222656,0.0006018740698268,0.1222311986977377,2,2,LuChen,0,5,Laplace_noise,0,0
0.9670291171568746,1.5288305878000763,3.0819711787595164e-06,0.999999106693123,0.0005243406295193,0.1159038374881309,2,2,3.086176637920919e-06,0.999999105474174,0.0005159098796267,0.1159173634589845,2,2,LuChen,0,5,Laplace_noise,0,1
0.9666673348497152,1.53844696602609,1.1171562463905976e-06,0.999999676193157,0.00052687544884,0.066452963135869,2,2,1.1386657891077651e-06,0.9999996699586332,0.0005559212697361,0.0671379096095419,2,2,LuChen,0,5,Laplace_noise,0,2
0.9704439843895928,1.6786322563031155,4.516313812989492e-07,0.9999996350613982,0.0009910907678891,0.0341625969735702,2,2,5.821841396270878e-07,0.9999995295688592,0.0010721680007253,0.0385961897372669,2,2,LuChenCheng,0,5,Laplace_noise,0,0
0.9692158214217158,1.6771605570953092,4.986002120764986e-07,0.9999995971084568,0.0010775136228772,0.0358785845469542,2,2,4.975664438219147e-07,0.9999995979437882,0.0010764729307508,0.0358457052036379,2,2,LuChenCheng,0,5,Laplace_noise,0,1
0.9673677435684824,1.679953317329491,4.988446136139054e-07,0.9999995969109692,0.0010030820512013,0.0359260029408489,2,2,4.976474245715664e-07,0.999999597878352,0.0010087058311822,0.0358978280292817,2,2,LuChenCheng,0,5,Laplace_noise,0,2
1.0000257948183031,1.337466525422902,0.0001211388153738,0.9999798652197304,0.0011050803740852,0.7623413063312404,4,4,0.0001987201959152,0.9999669702277708,0.0012325821712143,1.0014304183351157,4,4,MacArthur,0,5,Laplace_noise,0,0
1.0000337420945624,1.3423977104063172,0.0006462385659594,0.9998925870994586,0.0013638134372333,1.5966431823605516,4,4,0.0049675619808872,0.9991743293125904,0.0021987443103258,4.554047840672721,4,4,MacArthur,0,5,Laplace_noise,0,1
1.0000250128889734,1.3302936661026687,0.0089603461003893,0.9985106788495844,0.0023497051145453,6.471715512372735,4,4,0.0507735223744089,0.9915608080417768,0.0055582753949589,15.226160891973304,4,4,MacArthur,0,5,Laplace_noise,0,2
1.000061229628006,1.2314564694534529,6.119104847775851e-05,0.9999387481637922,0.0006097920503961,0.3620833666538106,6,6,0.0001329994272205,0.9998668684499692,0.0006667196798392,0.5200783777743401,6,6,MackeyGlass,0,5,Laplace_noise,0,0
1.000069283048322,1.2382707113167817,3.3727142104117736e-05,0.999966239353054,0.0005431944048271,0.2720993178550916,7,7,4.485109497649499e-05,0.9999551043495482,0.0005880748189616,0.3213396877544087,7,7,MackeyGlass,0,5,Laplace_noise,0,1
1.0000644645911785,1.2658324042796798,5.3582280264967073e-05,0.9999463644906228,0.0005230058970592,0.3768561182731476,5,5,0.0001466954696166,0.9998531588018034,0.0005881348490878,0.6397737588114196,5,5,MackeyGlass,0,5,Laplace_noise,0,2
0.977064938512212,1.5944663343542405,4.5696144569986646e-07,0.9999995341923138,0.001193807161328,0.0339763574254509,2,2,5.93086257325363e-07,0.9999993954322846,0.0013743481889474,0.0408946081094446,2,2,MooreSpiegel,0,5,Laplace_noise,0,0
0.9773870972087664,1.584049356594379,5.990408984584689e-07,0.9999993893623684,0.0013415392949332,0.0383835964765892,2,2,5.922243452943431e-07,0.9999993963108822,0.0013367537261703,0.0379539838268547,2,2,MooreSpiegel,0,5,Laplace_noise,0,1
0.9779421961162164,1.587491378892208,5.722874642854851e-07,0.999999416633718,0.0014109061801372,0.0383783993421491,2,2,5.761083845995784e-07,0.9999994127388292,0.0014192008108219,0.0385271104314332,2,2,MooreSpiegel,0,5,Laplace_noise,0,2
0.93550373090428,1.3668996274577117,3.674649725585808e-07,0.9999998990779144,0.0006623746406986,0.034122711590803,0,0,5.009450943304911e-07,0.9999998624183872,0.0007652954010784,0.0407869345952297,0,0,MultiChua,0,5,Laplace_noise,0,0
0.9340484436598026,1.3720274476501328,4.6780893456426005e-07,0.9999998715190378,0.000785461857063,0.0391374362707572,0,0,4.699525005865043e-07,0.99999987093032,0.0007921385014764,0.0391964048446031,0,0,MultiChua,0,5,Laplace_noise,0,1
0.9339581656087576,1.3930448935746649,4.6356612416050013e-07,0.9999998726843006,0.0007990639221557,0.0392687651821878,0,0,4.711705295358756e-07,0.9999998705957956,0.000805489133359,0.0397416358628712,0,0,MultiChua,0,5,Laplace_noise,0,2
0.9836351445294992,1.507422829086506,1.2318469433501318e-06,0.9999995359146,0.000777448913489,0.0481723133552659,2,2,1.3778200031612615e-06,0.9999994809207824,0.0009113419966854,0.05149510990426,2,2,NewtonLiepnik,0,5,Laplace_noise,0,0
0.983663012464864,1.4878278970190293,2.0703851298177708e-06,0.9999992200041438,0.0008114980755602,0.063590713305506,1,1,2.1424666446894424e-06,0.99999919284819,0.0008108625757084,0.0656285844439536,1,1,NewtonLiepnik,0,5,Laplace_noise,0,1
0.9840804907453864,1.510462592206969,1.7557430043991549e-06,0.9999993385422604,0.0007326953778928,0.0555247258353884,1,1,1.7695296810061803e-06,0.9999993333482748,0.0007383040733003,0.0558146376608909,1,1,NewtonLiepnik,0,5,Laplace_noise,0,2
0.9827954825185664,1.6941891877879942,1.179447074906348e-06,0.9999988600875128,0.0014570601212005,0.0472412691542776,2,2,1.3481155117024155e-06,0.9999986970727736,0.001586929823403,0.0516929390243664,2,2,NoseHoover,0,5,Laplace_noise,0,0
0.9832372841546024,1.6931251709548218,1.262973337602085e-06,0.9999987793610166,0.0014537746995064,0.0479431938545997,2,2,1.2660176009627384e-06,0.9999987764187956,0.0014463009113622,0.0480430251007609,2,2,NoseHoover,0,5,Laplace_noise,0,1
0.9832948447759704,1.7005183158314654,1.3904023055893738e-06,0.999998656203416,0.0015468246267318,0.0508529532834088,1,1,1.400855001598715e-06,0.99999864610109,0.0015543664294889,0.0507474564270334,2,2,NoseHoover,0,5,Laplace_noise,0,2
0.998279872532458,1.910955324078471,4.07213372197811e-07,0.9999996047667672,0.0014083778211768,0.029061069539307,2,2,4.242339030527436e-07,0.9999995882469772,0.0015146571312401,0.030105106323348,2,2,NuclearQuadrupole,0,5,Laplace_noise,0,0
0.9983301499888222,1.9114810381091265,3.849638669985764e-07,0.999999626361696,0.001461631352841,0.0281212605876189,2,2,3.86123342735565e-07,0.999999625236332,0.0014720674600553,0.0281750815238633,2,2,NuclearQuadrupole,0,5,Laplace_noise,0,1
0.9982654654499008,1.9122756026561651,3.971832280333236e-07,0.9999996145018264,0.0014670409850578,0.0290414638370027,2,2,3.984964279068563e-07,0.9999996132272606,0.0014666581701551,0.029136643219783,2,2,NuclearQuadrupole,0,5,Laplace_noise,0,2
0.9933588676202922,1.3095408472198282,2.3303197347741934e-06,0.9999986466149016,0.0023317806905609,0.0722443591874635,0,0,5.8119029031429125e-06,0.9999966246079174,0.002908505157802,0.1202653083131811,0,0,OscillatingFlow,0,5,Laplace_noise,0,0
0.9931414932768122,1.315097959867851,4.336321958392418e-06,0.9999974815844224,0.0023315624738923,0.1023312304804538,0,0,5.013323930214105e-06,0.9999970884004458,0.0023983908409622,0.1087056792279094,0,0,OscillatingFlow,0,5,Laplace_noise,0,1
0.9926721273081832,1.3151085775040208,3.538488806503549e-06,0.9999979449437988,0.0027689813514732,0.0904577012644191,0,0,4.7522217540748505e-06,0.9999972400413512,0.0030545316383756,0.1083787160487176,0,0,OscillatingFlow,0,5,Laplace_noise,0,2
0.9385464339001264,1.525232444194594,7.570097537579925e-07,0.999999670574199,0.0013125510584235,0.0492843804360663,2,2,9.12317254487306e-07,0.9999996029894715,0.0014005687186821,0.0543277352122973,2,2,PanXuZhou,0,5,Laplace_noise,0,0
0.9372909077070484,1.543509411226127,3.1070386144888856e-06,0.999998647918763,0.0018023787719131,0.1074184240674818,2,2,3.141715133902158e-06,0.9999986328286798,0.0018108325413045,0.1080556953608877,2,2,PanXuZhou,0,5,Laplace_noise,0,1
0.9404532005363792,1.531500476402707,1.253308183309277e-06,0.9999994546014102,0.0016833499856423,0.0653002478814865,2,2,1.211791048529208e-06,0.9999994726683048,0.0016808958536924,0.0638395339799588,2,2,PanXuZhou,0,5,Laplace_noise,0,2
0.9913023121764584,1.6024788577141302,7.685327325580114e-07,0.9999992777283816,0.0011599625935373,0.0384883355561281,2,2,9.73386732668523e-07,0.999999085205378,0.0012628592691159,0.0436081537024107,2,2,PehlivanWei,0,5,Laplace_noise,0,0
0.9905950859272392,1.63460975667678,8.203667505957009e-07,0.9999992290144644,0.0012136921234932,0.0387499744834264,2,2,8.284959880170195e-07,0.9999992213745588,0.0012054635218834,0.0389501581775416,2,2,PehlivanWei,0,5,Laplace_noise,0,1
0.9904197286743952,1.6064710639117032,9.44317275125878e-07,0.9999991125250264,0.0012720943356234,0.0450828891987808,0,0,9.641150678197383e-07,0.9999990939189436,0.0012825728627978,0.0460490458158105,0,0,PehlivanWei,0,5,Laplace_noise,0,2
0.9999608953290354,1.1760939086615227,0.0006566607459409,0.9993456066173804,0.0117426742452592,1.282967519516396,9,9,0.0009011685843587,0.9991019430324192,0.0129655375693255,1.537851636708761,9,9,PiecewiseCircuit,0,5,Laplace_noise,0,0
0.9999404789004828,1.171923467248124,0.0016251278830706,0.9983804834700934,0.014215419106257,2.3630908178887373,7,7,0.002151872873847,0.9978555572605968,0.0173330357785702,2.7107633860055445,0,0,PiecewiseCircuit,0,5,Laplace_noise,0,1
0.999947492836384,1.1683960980919852,0.0008167895797667,0.9991860306873892,0.0115959166831118,1.4860097304370736,6,6,0.0011593691194285,0.9988446340298892,0.0137009852810259,1.7523204188339327,6,6,PiecewiseCircuit,0,5,Laplace_noise,0,2
0.9821441116092048,1.725013800497792,0.0017851173439525,0.9999244706919268,0.0021823204351124,3.0971720136144416,2,2,0.0066222422529378,0.9997198092456208,0.002806781544014,6.088704753820928,2,2,Qi,0,5,Laplace_noise,0,0
0.9845966357055612,1.7226109284040616,0.0049099224045819,0.9997922584511504,0.0016159547504744,5.298952264908991,2,2,6.982779213187723e-05,0.9999970455472624,0.0013534910968182,0.6180735442793516,2,2,Qi,0,5,Laplace_noise,0,1
0.9827001879162154,1.7258250143265017,0.0004319720248774,0.9999817230232756,0.0014360527852412,1.5068345558590888,2,2,0.0023465373654864,0.999900716698438,0.0018869927798588,3.5452050195343503,2,2,Qi,0,5,Laplace_noise,0,2
0.9744736185108216,1.5851971913209917,3.653439416351018e-06,0.9999997948903984,0.0003545443636958,0.129172723502097,2,2,4.411949293565526e-06,0.9999997523065092,0.0004083828500894,0.1417706283164144,2,2,QiChen,0,5,Laplace_noise,0,0
0.97718100006361,1.5916115545873488,8.676811101003999e-07,0.9999999512870732,0.0003840347817966,0.061851764079168,2,2,8.847835189896962e-07,0.999999950326918,0.0003837309970257,0.0624825953671831,2,2,QiChen,0,5,Laplace_noise,0,1
0.976182407068792,1.572750332427118,9.02210151508236e-07,0.9999999493485608,0.0003374665199113,0.0628009309434862,2,2,9.329953619862656e-07,0.9999999476202324,0.0003452083920809,0.0637579335343665,2,2,QiChen,0,5,Laplace_noise,0,2
0.9421599994173896,1.2275275827150995,6.555462884534582e-07,0.9999998957066284,0.0004028285261192,0.0419820215617545,0,0,7.835326658867743e-07,0.999999875344785,0.0004430935427108,0.0453930125161959,0,0,RabinovichFabrikant,0,5,Laplace_noise,0,0
0.9424159805901418,1.223800236088369,7.339089188502709e-07,0.9999998832396172,0.0004001965306602,0.0426766942471189,0,0,7.368495010601007e-07,0.9999998827717884,0.0004010195701585,0.0426558631764582,0,0,RabinovichFabrikant,0,5,Laplace_noise,0,1
0.9417720578473088,1.2267324262075603,6.903443316913513e-07,0.9999998901704742,0.0004315817902348,0.0425371308860828,0,0,6.921702350777374e-07,0.9999998898799842,0.0004357439169101,0.0425911197024851,0,0,RabinovichFabrikant,0,5,Laplace_noise,0,2
0.9640977212570324,1.47441740118015,9.747943945061993e-06,0.9999965613443822,0.0007076482291669,0.1947173200310089,2,2,1.1757081578340093e-05,0.999995852606986,0.0008259995691848,0.2148202778632926,2,2,RayleighBenard,0,5,Laplace_noise,0,0
0.9637227142378012,1.483584320685085,6.898156466720211e-06,0.9999975666269092,0.000840825990383,0.1669077886626709,2,2,7.444411062194722e-06,0.999997373931768,0.0008941730946706,0.1725774965445018,2,2,RayleighBenard,0,5,Laplace_noise,0,1
0.965892690221352,1.4799195569598114,9.003631570445615e-07,0.9999996823905796,0.0007960128351433,0.0565606886208297,2,2,9.271786444552382e-07,0.9999996729312282,0.000764512196879,0.0571056908415519,2,2,RayleighBenard,0,5,Laplace_noise,0,2
0.9845590594221252,1.495193417472434,0.0011211012804569,0.9993916595837252,0.0016471186751603,1.6198707071251437,0,0,0.0015345204966931,0.9991673269364564,0.0018591000210968,1.900046576852426,0,0,RikitakeDynamo,0,5,Laplace_noise,0,0
0.9847247362662708,1.4838259794168194,4.418802012346209e-05,0.9999760223638802,0.0010576292506397,0.2959888709111417,0,0,4.4519011803314014e-05,0.9999758427586832,0.0010650797015027,0.2960996788705096,0,0,RikitakeDynamo,0,5,Laplace_noise,0,1
0.9850774270666032,1.479935202181975,3.4892350168588905e-06,0.9999981066450288,0.0008675519353583,0.0769570909246498,0,0,2.975613658391503e-06,0.9999983853501168,0.0008704514147125,0.0743998200424519,0,0,RikitakeDynamo,0,5,Laplace_noise,0,2
0.9850704050739224,1.1170961238618555,1.6821430799442133e-05,0.9999837715802412,0.0012599805913623,0.2783367058363437,2,2,2.054447836606212e-05,0.9999801797824084,0.0013651475797999,0.3079723961054401,2,2,Rossler,0,5,Laplace_noise,0,0
0.9838139891424126,1.160954031648878,7.633144226759997e-06,0.9999926359493394,0.0011319011782795,0.1881309519932171,2,2,9.173542597270928e-06,0.9999911498551034,0.0009689804666378,0.2065894639601286,2,2,Rossler,0,5,Laplace_noise,0,1
0.9847781933560804,1.1170341097046017,1.4734926748822394e-05,0.999985784528127,0.0011335394588605,0.2639362514047949,2,2,8.422222129470794e-06,0.9999918746890412,0.001133622127107,0.1987411337688212,2,2,Rossler,0,5,Laplace_noise,0,2
0.9797732745507982,1.5637321135567537,2.2082215160254512e-06,0.999998789699534,0.0009559336617057,0.0823785632648239,2,2,3.034737623077848e-06,0.9999983366956924,0.0011208432645466,0.0945857896103621,2,2,Rucklidge,0,5,Laplace_noise,0,0
0.9796443373557868,1.5557340256824037,2.4396869030517145e-06,0.999998662836054,0.0009223284738501,0.082794905844727,2,2,2.4508870210364554e-06,0.9999986566974,0.0009239176185013,0.0824032322621287,2,2,Rucklidge,0,5,Laplace_noise,0,1
0.9791486100298488,1.5524322772607335,3.679643222930668e-06,0.9999979832304524,0.000928067061029,0.1070213514188803,2,2,3.936927319658344e-06,0.9999978422160388,0.0009422882277499,0.1097734272066076,2,2,Rucklidge,0,5,Laplace_noise,0,2
0.9939649840647654,1.3172271076910125,0.0031282424704818,0.9972751792632244,0.0025938478524882,2.787022942538601,2,2,0.0038501094614894,0.9966464050665784,0.0029851692485194,3.115810868332721,2,2,Sakarya,0,5,Laplace_noise,0,0
0.9936391586591652,1.285632664002444,0.0001927871174035,0.9998320749301752,0.0013970611170909,0.6586124987170264,2,2,0.0003302644659298,0.9997123268180528,0.0017081143618691,0.8791361209851452,2,2,Sakarya,0,5,Laplace_noise,0,1
0.994302945163472,1.2720023160590803,8.587800280699904e-05,0.9999251969228442,0.0014046701599825,0.4412294746249907,2,2,9.851559879072912e-05,0.9999141890857204,0.0015377699605804,0.4606851676081135,2,2,Sakarya,0,5,Laplace_noise,0,2
0.94413476092503,1.7612990221391591,1.035589167493176e-06,0.999999665627314,0.0001844703061332,0.0540981807915735,2,2,1.1183311439068616e-06,0.9999996389114524,0.0001926127836377,0.0573683584057465,2,2,SaltonSea,0,5,Laplace_noise,0,0
0.9447544751114476,1.7722513280743053,9.806949528910877e-07,0.9999996833516458,0.0001818214296314,0.0519370586316266,2,2,9.73441192058673e-07,0.9999996856937516,0.0001809489047923,0.0517875515647533,2,2,SaltonSea,0,5,Laplace_noise,0,1
0.9443848836142714,1.7682112904808551,9.66261491428733e-07,0.9999996880119448,0.0001802833879893,0.0513963886876144,2,2,9.67262535862695e-07,0.999999687688726,0.0001805077442114,0.0515024245376941,2,2,SaltonSea,0,5,Laplace_noise,0,2
0.9871069003075538,1.4889807789309808,9.66250187420786e-07,0.9999989433933384,0.0015931023954074,0.0467775328502388,2,2,1.1986027380912524e-06,0.9999986893129188,0.0019248275624925,0.0535595012343718,2,2,SanUmSrisuchinwong,0,5,Laplace_noise,0,0
0.9877340792441744,1.4970671897830556,1.039818067346874e-06,0.9999988629459418,0.001850442131457,0.049822234374368,2,2,1.0680530739556909e-06,0.9999988320706088,0.0018594893698659,0.050607078273874,2,2,SanUmSrisuchinwong,0,5,Laplace_noise,0,1
0.9875464738625822,1.4895020352953523,8.653518419511905e-07,0.9999990537269406,0.0020000982905335,0.0462203555401926,2,2,8.770358440429155e-07,0.9999990409503384,0.0020239400297189,0.0465599560255247,2,2,SanUmSrisuchinwong,0,5,Laplace_noise,0,2
1.000027897894257,1.1308441455929787,1.8843551589614767e-06,0.999998126208755,0.0038210846495029,0.0958690674864608,9,9,2.139625868487608e-06,0.9999978723691229,0.0039601391065339,0.1073346480912927,9,9,ScrollDelay,0,5,Laplace_noise,0,0
1.0000287287832397,1.1263781614613484,2.18849904426078e-06,0.9999978237699356,0.0041505953852524,0.0859103789295137,9,9,2.343752616301613e-06,0.9999976693867332,0.0042490359396385,0.0907814945322143,9,9,ScrollDelay,0,5,Laplace_noise,0,1
1.0000388524087187,1.118313415958146,2.275881628970864e-06,0.9999977368772278,0.0038915182356838,0.0713911826487321,4,4,2.3838311637358315e-06,0.9999976295328707,0.0039073919301196,0.0736192697889664,8,8,ScrollDelay,0,5,Laplace_noise,0,2
0.9531152310517714,1.517573063001789,6.459495341680933e-07,0.9999995732664124,0.0008850710590016,0.0415098267381457,2,2,8.936938255164255e-07,0.9999994095991218,0.0010185270031875,0.0484911473494235,2,2,ShimizuMorioka,0,5,Laplace_noise,0,0
0.953878255964586,1.5246484284486612,6.680613399206346e-07,0.9999995586586922,0.0009830370772503,0.04185484391391,2,2,6.595839710135026e-07,0.9999995642590956,0.0009843328281341,0.0416182265916898,2,2,ShimizuMorioka,0,5,Laplace_noise,0,1
0.952314040314574,1.517508341938569,6.343594086848254e-07,0.9999995809231962,0.000976573161865,0.0408407820545415,2,2,6.356959323349297e-07,0.9999995800402488,0.000976834920386,0.0408818766870237,2,2,ShimizuMorioka,0,5,Laplace_noise,0,2
0.99340392963901,2.045486507522146,2.767601629035719e-07,0.999999722526711,0.0014640434285428,0.0227297185771043,2,2,3.050411740563185e-07,0.9999996941728284,0.0015418148534337,0.0243347140327756,2,2,SprottA,0,5,Laplace_noise,0,0
0.9932497115304978,2.026493288046101,2.8670065816354644e-07,0.9999997125606022,0.001485369900966,0.02353205484724,2,2,2.860170631303767e-07,0.9999997132459586,0.0014808629387125,0.02346668460032,2,2,SprottA,0,5,Laplace_noise,0,1
0.9933944148541658,2.04909326292532,2.890582100807421e-07,0.9999997101969756,0.0015282136548648,0.0235031560536499,2,2,2.893229985920022e-07,0.9999997099315048,0.0015339744947267,0.0235403481466368,2,2,SprottA,0,5,Laplace_noise,0,2
0.9949972231602026,1.3187825835058429,0.0003610694001448,0.9996143023417816,0.0015975128684587,1.0010721756859875,0,0,0.0003995915837701,0.9995731525904934,0.0017853747073001,1.06163238227772,0,0,SprottB,0,5,Laplace_noise,0,0
0.9946266498698372,1.3642551234611882,5.558133321905634e-05,0.9999406275080228,0.0011580564359462,0.3187709837285984,1,1,4.702787616490901e-05,0.9999497643896144,0.0012012767356773,0.2966964359017424,1,1,SprottB,0,5,Laplace_noise,0,1
0.99519666788018,1.323286011843815,0.0006654407389821,0.9992891700747678,0.0018526903260115,1.2116283945918065,2,2,0.0008835413810132,0.9990561929605244,0.0021616841258755,1.387167354826527,2,2,SprottB,0,5,Laplace_noise,0,2
0.9826688419255754,1.4608718833013077,3.621768969273129e-07,0.9999995611079586,0.0009624521209671,0.0276303555496343,2,2,4.189937570943446e-07,0.999999492256334,0.0010969973960159,0.0303572749552442,2,2,SprottC,0,5,Laplace_noise,0,0
0.9810994349120916,1.447982135132062,8.30875095615164e-07,0.999998993131616,0.0009225510116432,0.040500279266035,0,0,8.751102508328883e-07,0.9999989395267128,0.0009145872167489,0.0415712937936444,0,0,SprottC,0,5,Laplace_noise,0,1
0.9819579453579682,1.4645355732443313,4.789909741106257e-07,0.9999994195506996,0.0014584617659101,0.0310185182900778,2,2,4.843673696071465e-07,0.9999994130354932,0.0014765958849277,0.0310458235772142,2,2,SprottC,0,5,Laplace_noise,0,2
0.9911786375055952,1.7037234668077,2.375342353117001e-06,0.9999989866750864,0.0005630520639741,0.0809531133630813,0,0,2.769151090764096e-06,0.999998818675638,0.0006255668394459,0.0867395131738727,0,0,SprottD,0,5,Laplace_noise,0,0
0.9923536786633032,1.7080308867940064,1.0070773983088608e-06,0.999999570379143,0.0006251954811886,0.0472008946111958,0,0,1.0174828207132957e-06,0.9999995659401728,0.0006314126091756,0.0473093958208975,0,0,SprottD,0,5,Laplace_noise,0,1
0.9920295097228312,1.693198708435266,5.555574241174103e-06,0.9999976299829876,0.0006547568327529,0.104941930873101,2,2,5.937986987316683e-06,0.9999974668450876,0.0006554284883113,0.1085264856047319,2,2,SprottD,0,5,Laplace_noise,0,2
0.9980718296305396,0.9176304448699164,1.209562169767857e-07,0.9999998420157756,0.0001151975966203,0.0158064190568918,3,3,1.0567454851158029e-07,0.9999998619755808,0.0001132804769211,0.0145193921810828,7,7,SprottDelay,0,5,Laplace_noise,0,0
0.9979927681342794,0.9403524679569184,2.875061414470986e-06,0.999996244803624,0.0001354622392253,0.0848914084359872,3,3,3.8808666054773135e-06,0.9999949310939448,0.000145711824771,0.095760782682859,3,3,SprottDelay,0,5,Laplace_noise,0,1
0.998104682247712,0.9465502445490356,3.0217430418333123e-06,0.9999960532187372,0.0001635655069461,0.0859702485942595,5,5,5.4634676255462685e-06,0.999992864015452,0.0001790859368835,0.113658223657229,5,5,SprottDelay,0,5,Laplace_noise,0,2
0.9928247495864632,1.5310477206865285,4.0272496594414846e-07,0.99999956358881,0.0008614758181277,0.033329784209077,1,1,5.472523802395386e-07,0.9999994069722944,0.0009390415998047,0.0390334802901153,1,1,SprottE,0,5,Laplace_noise,0,0
0.9919936683244396,1.5678186771866285,3.545758459768117e-07,0.9999996157653982,0.0009155693203069,0.0312127377307469,1,1,3.183284936316283e-07,0.9999996550446868,0.0009196904404887,0.029541738644502,1,1,SprottE,0,5,Laplace_noise,0,1
0.992285976199147,1.5350875095280505,5.139076603785866e-07,0.9999994431061576,0.000825997250217,0.0391663188988464,1,1,5.109595314474541e-07,0.9999994463008852,0.0008149578674705,0.0387202208899586,1,1,SprottE,0,5,Laplace_noise,0,2
0.9859034651388856,1.7175715929660031,2.835249651095932e-07,0.9999998021016412,0.0011477459566541,0.0237298094006337,1,1,3.699939236849582e-07,0.9999997417469384,0.0013535713126236,0.0269239786266326,1,1,SprottF,0,5,Laplace_noise,0,0
0.9869409128043756,1.7306768839752866,3.470277427088215e-07,0.9999997577771652,0.0012813055685203,0.0268721317280888,1,1,3.47480448855946e-07,0.9999997574611796,0.0012777888042298,0.0269928883103087,1,1,SprottF,0,5,Laplace_noise,0,1
0.9857395234952914,1.716056703128518,3.820472505556237e-07,0.999999733333804,0.0013125266924525,0.0279600032744716,1,1,3.910077950835412e-07,0.9999997270794092,0.0012967353341245,0.0283097999389488,1,1,SprottF,0,5,Laplace_noise,0,2
0.9658611363975876,1.6356642495668203,4.103494643033858e-07,0.9999996389609308,0.0010957269178051,0.0286846951529704,1,1,5.282793682063718e-07,0.99999953520229,0.0012067875496509,0.033296047074848,1,1,SprottG,0,5,Laplace_noise,0,0
0.9651756456736056,1.6355310785697863,4.991068526796726e-07,0.9999995608692368,0.001197835803608,0.032125769420297,1,1,5.009361885793438e-07,0.9999995592597264,0.0012002112080503,0.0322059439699959,1,1,SprottG,0,5,Laplace_noise,0,1
0.964045463820459,1.648219944608678,5.440301373096556e-07,0.9999995213442407,0.0012428927318361,0.0339537716736904,1,1,5.522040234064015e-07,0.9999995141525848,0.0012590866748971,0.0343055782645488,1,1,SprottG,0,5,Laplace_noise,0,2
0.9856803893677436,1.6952503836633406,8.673998710984151e-07,0.9999993383760925,0.0018181613690636,0.0443958496246119,1,1,1.0667886464460706e-06,0.999999186288935,0.0020228156968263,0.0502722218442779,1,1,SprottH,0,5,Laplace_noise,0,0
0.986066130766492,1.7049102273239374,8.36854835348379e-07,0.9999993616748344,0.0019859543600106,0.0459452765336964,1,1,8.340904864054473e-07,0.9999993637833884,0.0019654969805715,0.0458001589479148,1,1,SprottH,0,5,Laplace_noise,0,1
0.985181009894814,1.712299436414731,1.0674212282030377e-06,0.9999991858064226,0.0019757000229178,0.0496654977787155,1,1,1.079508490161557e-06,0.9999991765866592,0.0019849277352101,0.050005074133501,1,1,SprottH,0,5,Laplace_noise,0,2
0.945459918122523,1.662410109279034,2.903369825885537e-07,0.9999997740178036,0.0006724639056177,0.0240802657276051,0,0,3.52242385488528e-07,0.9999997258340731,0.0007398869878428,0.0264104803322867,0,0,SprottI,0,5,Laplace_noise,0,0
0.9453970551296702,1.657315527001723,3.384921048825483e-07,0.9999997365365286,0.0007281422608383,0.0260137310320038,0,0,3.391712979041743e-07,0.9999997360078824,0.0007280359690991,0.0260332574744687,0,0,SprottI,0,5,Laplace_noise,0,1
0.9441840985582955,1.6706735267581838,3.268495316560296e-07,0.9999997455984616,0.0007374970246887,0.0252756144650797,0,0,3.265959304953136e-07,0.9999997457958506,0.000739063620435,0.0252557463053344,0,0,SprottI,0,5,Laplace_noise,0,2
0.9484629271487314,1.6618744539853878,1.9563799890163133e-07,0.9999998239255125,0.0006846334923996,0.0189343317553911,0,0,2.3560682488402785e-07,0.99999978795351,0.0007621960214355,0.0208342568508339,0,0,SprottJ,0,5,Laplace_noise,0,0
0.9477013088509082,1.665108882620999,2.245750047393537e-07,0.9999997978821644,0.0007536482306679,0.0211891292574581,0,0,2.2519514275556306e-07,0.9999997973240392,0.00075518345318,0.0212807459301374,0,0,SprottJ,0,5,Laplace_noise,0,1
0.9476730197330326,1.641044553931729,2.476962201295908e-07,0.9999997770730364,0.0007368320656456,0.022274588476617,0,0,2.5056957685603177e-07,0.999999774487011,0.0007355664153444,0.0224149220877708,0,0,SprottJ,0,5,Laplace_noise,0,2
0.976512094593145,1.631968327137135,1.7010791908972694e-07,0.9999998468575312,0.0012410053875904,0.0190825919883604,0,0,2.002358636683531e-07,0.9999998197343506,0.001491731709181,0.0206185137214139,0,0,SprottJerk,0,5,Laplace_noise,0,0
0.975181612967297,1.6400532625276212,1.3764450810993686e-07,0.999999876083254,0.0014016341328467,0.016737418117833,0,0,1.3922889380571345e-07,0.9999998746568848,0.0013954218431957,0.0168027367874262,0,0,SprottJerk,0,5,Laplace_noise,0,1
0.9764434782660184,1.6234051272239278,1.4024083163085557e-07,0.9999998737458708,0.0014450175476866,0.017088034241451,0,0,1.4211105187899488e-07,0.999999872062174,0.0014614371359291,0.0172237390806377,0,0,SprottJerk,0,5,Laplace_noise,0,2
0.973980770073654,1.6967039272989195,3.214156234602628e-07,0.9999997101973898,0.001254959601208,0.0285278774985845,2,2,3.9220185423776716e-07,0.9999996463733782,0.0013141706643847,0.0316667067865441,2,2,SprottK,0,5,Laplace_noise,0,0
0.9730553169967244,1.7255640586006342,2.5365415309694824e-07,0.9999997712941427,0.0012668541501251,0.0244246907156971,2,2,2.4700204772330705e-07,0.9999997772919766,0.0012645976075741,0.0240419939975638,2,2,SprottK,0,5,Laplace_noise,0,1
0.974734574179156,1.7169565751913651,2.787167438721588e-07,0.9999997486965972,0.001253247868105,0.0260708932004811,2,2,2.8405429374518704e-07,0.999999743884025,0.0012568025927496,0.0263553523074138,2,2,SprottK,0,5,Laplace_noise,0,2
0.946464250797256,1.7268251054260777,7.095087012176462e-07,0.9999998187882184,0.0004408140724048,0.047410407220907,1,1,9.701714804264795e-07,0.999999752213747,0.0004811898572781,0.0559217029388927,1,1,SprottL,0,5,Laplace_noise,0,0
0.9439141469941764,1.7344631614846455,8.301054475551416e-07,0.9999997879872552,0.0004433579128703,0.0514702214825647,1,1,8.251054559835783e-07,0.999999789264276,0.000441796122901,0.0512793174683313,1,1,SprottL,0,5,Laplace_noise,0,1
0.9451224978679568,1.7261094224708944,8.900438788942228e-07,0.9999997726787044,0.0004592789070568,0.0532978147357135,1,1,8.928765022176911e-07,0.9999997719552396,0.0004610407713832,0.0533843515740707,1,1,SprottL,0,5,Laplace_noise,0,2
0.923465991336134,1.457374872869716,2.371669628468327e-07,0.9999998419898796,0.000714440202752,0.0265786498795585,1,1,2.921852091927414e-07,0.9999998053345224,0.0007723156440026,0.0294830461460186,1,1,SprottM,0,5,Laplace_noise,0,0
0.9248941618788872,1.465725881913084,2.738592404726351e-07,0.999999817544016,0.000762293109728,0.0285026329793743,1,1,2.73106930882096e-07,0.9999998180452347,0.0007608144095365,0.0284552784967022,1,1,SprottM,0,5,Laplace_noise,0,1
0.9244338054154804,1.446517744053203,2.793926364661748e-07,0.9999998138574462,0.0007553748500275,0.0288842531800828,1,1,2.8129427308918456e-07,0.9999998125904996,0.0007580495858496,0.0289945606606441,1,1,SprottM,0,5,Laplace_noise,0,2
0.9947771746047294,1.227470157792731,5.7333454668686606e-05,0.9999235486955472,0.0203230595318941,0.51839739967709,1,1,7.996260270970191e-05,0.9998933738544112,0.030634436729919,0.606328324978391,1,1,SprottMore,0,5,Laplace_noise,0,0
0.9934071845935748,1.25291983394031,6.944155451316419e-05,0.99990740314784,0.0298402760653194,0.5676675870359832,1,1,7.371572136202226e-05,0.9999017037593604,0.0296621067098273,0.5846887663273913,1,1,SprottMore,0,5,Laplace_noise,0,1
0.9940504965746793,1.2441196157376044,6.75270925554953e-05,0.999909955987449,0.0307603421246155,0.5599350767612005,1,1,7.223976661253734e-05,0.9999036718714612,0.0309063928613208,0.5785136804286581,1,1,SprottMore,0,5,Laplace_noise,0,2
0.947412453174921,1.6441278546080595,1.1517183016694315e-07,0.999999895810216,0.0011756682416451,0.0142477963068502,0,0,1.4042626610493645e-07,0.9999998729638808,0.0012607948014786,0.0156471786450789,0,0,SprottN,0,5,Laplace_noise,0,0
0.9461580199080364,1.6459960193346894,1.1433325170304147e-07,0.999999896568833,0.0012372409147248,0.0138387609035618,0,0,1.1277691691663681e-07,0.9999998979767656,0.0012388629041995,0.0137218308003785,0,0,SprottN,0,5,Laplace_noise,0,1
0.9486568912028662,1.640172700174512,1.3282138080920646e-07,0.9999998798436132,0.0012190354167109,0.0157326818945613,1,1,1.3515174816397936e-07,0.9999998777354546,0.0012126344676158,0.0159259972113862,1,1,SprottN,0,5,Laplace_noise,0,2
0.8842569252436127,1.2833393624453742,3.623343239967866e-07,0.999999685162106,0.0010601081276265,0.0273975883217665,0,0,4.5384158371909033e-07,0.999999605650034,0.0011454372140985,0.0309483821101717,0,0,SprottO,0,5,Laplace_noise,0,0
0.8885977683533977,1.2743944378683043,3.972503748240489e-07,0.99999965482301,0.0010598468000002,0.0287396782077001,0,0,3.952414414894516e-07,0.9999996565686032,0.0011004968329508,0.0286566742891812,0,0,SprottO,0,5,Laplace_noise,0,1
0.8811841348136058,1.2862259938459948,4.136663636448016e-07,0.9999996405589036,0.0012380398140823,0.0295100369949453,0,0,4.1574730326839897e-07,0.9999996387507428,0.0012677941942231,0.0296016344060567,0,0,SprottO,0,5,Laplace_noise,0,2
0.9497938185662348,1.5548054923721122,2.730319605148343e-07,0.999999794340323,0.0011417534526883,0.0233076535926195,2,2,3.419283045048129e-07,0.9999997424445676,0.001230745550859,0.0261728654198215,2,2,SprottP,0,5,Laplace_noise,0,0
0.9478729588515038,1.5642905698656326,2.741583805808609e-07,0.999999793491854,0.0014946459507984,0.0227101828786216,2,2,2.7043386613926536e-07,0.999999796297322,0.0014878765026267,0.0224615682007917,2,2,SprottP,0,5,Laplace_noise,0,1
0.9487879431389308,1.5566202377377214,2.9160422505918893e-07,0.9999997803508768,0.0013688838175534,0.0234775200478484,2,2,2.959320465577801e-07,0.9999997770909714,0.0013802916733161,0.0236541740370911,2,2,SprottP,0,5,Laplace_noise,0,2
0.9473779903771344,1.6421413585463909,2.982803222869153e-07,0.9999997302759154,0.0009624952254593,0.0234298870678475,2,2,3.62884623857277e-07,0.9999996718565868,0.0010695852801926,0.0259717557369233,2,2,SprottQ,0,5,Laplace_noise,0,0
0.9474841107630076,1.635313383763596,3.305502836922372e-07,0.9999997010953589,0.0010863333471871,0.024818096935774,2,2,3.297858715184153e-07,0.999999701786589,0.0010892351347087,0.0247796215787704,2,2,SprottQ,0,5,Laplace_noise,0,1
0.9483614550455192,1.6451288336952063,3.470512978416877e-07,0.9999996861740896,0.0010740869428661,0.0253444428208573,0,0,3.516380040828113e-07,0.9999996820264976,0.0010696423062445,0.0255441390568178,0,0,SprottQ,0,5,Laplace_noise,0,2
0.9946844415268722,1.3813843316770542,3.679243257147208e-06,0.9999966175117976,0.0009567655389799,0.0902370578043613,2,2,3.887109585393991e-06,0.9999964264112492,0.0010474478470351,0.0937079364562385,2,2,SprottR,0,5,Laplace_noise,0,0
0.9947955749041436,1.3941308336404374,5.214017207072887e-07,0.9999995206527412,0.0011568658217422,0.0314288863977943,1,1,4.997704821018402e-07,0.999999540539279,0.0012066320386024,0.0318482261146909,1,1,SprottR,0,5,Laplace_noise,0,1
0.9948479472688496,1.3973843449681338,4.526633648768051e-06,0.9999958384689884,0.0014660012702372,0.1166519568006575,2,2,4.8566809624042446e-06,0.9999955350421512,0.0014711455348312,0.122231048663109,2,2,SprottR,0,5,Laplace_noise,0,2
0.9435464752460844,1.3452651689682769,4.571152793313474e-07,0.9999996475989764,0.0014224254953312,0.0282680689847367,0,0,5.661034651560657e-07,0.9999995635773958,0.0016154457595335,0.030920774138128,0,0,SprottS,0,5,Laplace_noise,0,0
0.9441394106012848,1.3683675673353946,5.25742898941048e-07,0.9999995946923148,0.001591896078107,0.0303138495488502,0,0,5.267103842320515e-07,0.9999995939464574,0.0015888961946887,0.0303585960398314,0,0,SprottS,0,5,Laplace_noise,0,1
0.9425990484579662,1.3704516239199718,5.211387224455802e-07,0.9999995982417836,0.0015776826778569,0.0304598607968224,0,0,5.227067020590803e-07,0.999999597032991,0.0015827515248533,0.0305337061867894,0,0,SprottS,0,5,Laplace_noise,0,2
0.9901550474304974,0.360913274013838,0.0819840515700267,0.9499195076608185,0.0247195752455959,14.467089973971564,1,1,0.1115478574432103,0.931860264122648,0.0349524868831143,18.141814282938764,1,1,SprottTorus,0,5,Laplace_noise,0,0
0.9899451389587036,0.3768502259456008,0.0453967817119538,0.9722690799587148,0.0193330108383177,12.74147706282749,1,1,0.0743457137175023,0.9545854361308292,0.0314930289319567,15.983226760380244,1,1,SprottTorus,0,5,Laplace_noise,0,1
0.9908384582820102,0.3403011797720356,0.0471886283871108,0.9711745187365052,0.0209162969554429,11.755087980412204,1,1,0.0902025303475185,0.9448991963249684,0.0398262843714866,15.373215828853985,1,1,SprottTorus,0,5,Laplace_noise,0,2
0.9041148660620985,1.429232881635078,1.2001710785223318e-06,0.9999997704341328,0.0009609333890574,0.0667435162093035,0,0,1.6064038717693771e-06,0.999999692730891,0.0011797405737101,0.0738579177749593,0,0,StickSlipOscillator,0,5,Laplace_noise,0,0
0.906081396719774,1.4244925011356055,1.2196775884696475e-06,0.999999766702974,0.0011439643481128,0.0646915731728144,0,0,1.193942585326537e-06,0.999999771625504,0.0011420767647931,0.064481190045185,0,0,StickSlipOscillator,0,5,Laplace_noise,0,1
0.904699450613637,1.4337837368081086,1.2444013831485538e-06,0.9999997619738652,0.0010402706014221,0.0653384504023207,0,0,1.2648621120450951e-06,0.9999997580601858,0.0010293633685288,0.0655147080507819,0,0,StickSlipOscillator,0,5,Laplace_noise,0,2
0.9896599734785794,1.7365027660193315,0.0017625825776936,0.9992964103524892,0.0039754896922877,2.8286458835746897,2,2,0.0034995243695792,0.9986030560219936,0.0054556873280339,3.954926228929294,2,2,SwingingAtwood,0,5,Laplace_noise,0,0
0.9898501967432956,1.7229481987141824,5.202666249310309e-05,0.9999792319397752,0.0023648647333405,0.4268490753958677,2,2,0.0002062545370847,0.9999176670875558,0.0029141484051616,1.0512692221482245,2,2,SwingingAtwood,0,5,Laplace_noise,0,1
0.9895337371194224,1.7414842855920036,0.0011496997498298,0.9995410615922548,0.0033113427441074,2.3722922069890977,1,1,0.001261994153947,0.9994962357887944,0.0044979946566678,2.500912835478112,1,1,SwingingAtwood,0,5,Laplace_noise,0,2
0.9682177281311464,1.4572738352623131,1.922269762594737e-07,0.9999998073482256,0.0018580086745501,0.0187422689480373,2,2,2.261486597875505e-07,0.9999997733515794,0.0021126144437035,0.0203235435975217,2,2,Thomas,0,5,Laplace_noise,0,0
0.9687068046202456,1.4620239597643931,2.096675122752846e-07,0.9999997898691484,0.0021306550570745,0.0191351091635843,2,2,2.0808642167087166e-07,0.9999997914537327,0.0021014759374267,0.0189953217489685,2,2,Thomas,0,5,Laplace_noise,0,1
0.970389635089678,1.4737149162096417,2.177405263171725e-07,0.999999781778294,0.0022387300149437,0.0197405446275281,2,2,2.2079498633906802e-07,0.9999997787170838,0.0023063208467316,0.0198971298803106,2,2,Thomas,0,5,Laplace_noise,0,2
0.9972255857315634,1.1946858922661283,1.9199343103065118e-05,0.99998210330947,0.0140116351645822,0.184273919325511,1,1,3.452741713365849e-05,0.9999678152270148,0.0179508509591509,0.2567118920478713,1,1,ThomasLabyrinth,0,5,Laplace_noise,0,0
0.9973629202159584,1.1908669236429303,4.046460261155876e-05,0.9999622808725034,0.0142510819182669,0.2684852965638764,2,2,5.198364357831896e-05,0.999951543384753,0.014688585148139,0.306355878883404,2,2,ThomasLabyrinth,0,5,Laplace_noise,0,1
0.997227319747143,1.194902116003021,1.7680708212440403e-05,0.9999835189067912,0.0145892267593158,0.1823924074010052,1,1,2.230527721592437e-05,0.9999792081092892,0.0157175047157398,0.2058281890488088,1,1,ThomasLabyrinth,0,5,Laplace_noise,0,2
0.9997960596410548,2.2747467899457128,3.997516499116731e-06,0.9999999650570316,0.0002815078536826,0.1319735781750511,0,0,9.16215267453472e-06,0.9999999199120728,0.0003769476670745,0.2020447707858678,0,0,Torus,0,5,Laplace_noise,0,0
0.9993721181558852,2.2755541808854987,6.142206532095015e-06,0.9999999463099332,0.0003140490507258,0.1649444941495657,0,0,7.3867405641907214e-06,0.9999999354312508,0.0003133116269504,0.182227244005919,0,0,Torus,0,5,Laplace_noise,0,1
0.9993582482956164,2.274757196834782,6.876994343966503e-06,0.9999999398870286,0.0003183082545821,0.1750998374041073,0,0,6.3168537727337474e-06,0.999999944783312,0.0003148244389352,0.1673548770018587,0,0,Torus,0,5,Laplace_noise,0,2
0.9991463827500356,0.9571520285035996,4.952300397434858e-05,0.9999695415419604,0.0012045346424357,0.3385180550182566,0,0,5.087867475340914e-05,0.9999687077548668,0.0013313703213297,0.3404442080710043,0,0,Tsucs2,0,5,Laplace_noise,0,0
0.998883234240226,1.0273209234904108,8.035890232800788e-06,0.9999950576337092,0.0012366179743068,0.1247945471880553,1,1,8.1861246284009e-06,0.9999949652340632,0.0012787516654359,0.1257490345055002,0,0,Tsucs2,0,5,Laplace_noise,0,1
0.9987265870364124,0.932562468507471,2.007643333718067e-05,0.9999876522594892,0.001209305205324,0.2435261613778714,0,0,2.1715852754149088e-05,0.9999866439566096,0.0012387027892098,0.2516776212135649,0,0,Tsucs2,0,5,Laplace_noise,0,2
0.9631628852694828,1.6906640702089664,7.639249124699283e-07,0.9999994543123472,0.0015424468822977,0.0401275863908494,0,0,8.825790682440091e-07,0.9999993695551848,0.0017270217662241,0.0416571617281879,0,0,TurchinHanski,0,5,Laplace_noise,0,0
0.9628694202477772,1.699658766988095,6.682156469263174e-07,0.9999995226794912,0.001663300720811,0.0356558809030905,1,1,6.757455506800285e-07,0.9999995173007222,0.0016254788493705,0.0357408520149123,1,1,TurchinHanski,0,5,Laplace_noise,0,1
0.9623256976017583,1.7036812666473873,1.2199724517407128e-06,0.9999991285479856,0.0018108509396934,0.0519960903571281,1,1,1.3417496079252914e-06,0.9999990415599984,0.0018658417255031,0.0544176782738408,1,1,TurchinHanski,0,5,Laplace_noise,0,2
0.9670053493562748,1.4406438586958548,2.1966950745388786e-07,0.9999997920886972,0.0007029966577929,0.0196939883224807,1,1,2.561541140409511e-07,0.9999997575569948,0.0007794701489167,0.0214403678589562,1,1,VallisElNino,0,5,Laplace_noise,0,0
0.9656238643454712,1.420494353605322,3.535173308509262e-07,0.9999996654053188,0.0007594374212829,0.0255014151274329,1,1,3.5030162631732573e-07,0.999999668448897,0.0007616999747159,0.0252028239401676,1,1,VallisElNino,0,5,Laplace_noise,0,1
0.9655739992527262,1.41586554110148,2.295527564776425e-07,0.9999997827344668,0.000742629084043,0.0203775385521344,1,1,2.2846035124650877e-07,0.999999783768399,0.0007383665758938,0.0203909672294823,1,1,VallisElNino,0,5,Laplace_noise,0,2
0.9995968071750264,0.2789298551935124,0.2072405186331631,0.8232437567032217,0.4107888713394849,19.449067177207507,0,0,0.2949195304694086,0.7484619869491071,0.5716823858618156,23.72940711162939,0,0,VossDelay,0,5,Laplace_noise,0,0
0.9994601257306004,0.2885975936300988,0.1980680593180764,0.8310669828803242,0.3845744425429076,18.7339318850533,1,1,0.3654558643524286,0.688301273806138,0.7105035965888359,25.48780894104216,1,1,VossDelay,0,5,Laplace_noise,0,1
0.9995843104598798,0.27199321060169,0.2090808328862169,0.821674145528724,0.3966122210925465,19.660036424529828,0,0,0.3641053697838481,0.6894531158692123,0.6872474035806554,25.71924813248233,0,0,VossDelay,0,5,Laplace_noise,0,2
0.9974357260962092,1.192304264983359,0.0128099928576836,0.987520903609003,0.0048694988825351,5.35000721188649,2,2,0.0219463618458384,0.9786205372673844,0.0066306846519131,7.279686178555568,2,2,WangSun,0,5,Laplace_noise,0,0
0.9976266919493704,1.158739495762016,0.0070277960218327,0.9931537398227266,0.0053921522743306,4.173858068410561,1,1,0.0227428309377066,0.9778446418644522,0.0104444428107396,7.196169281681625,1,1,WangSun,0,5,Laplace_noise,0,1
0.9975337513453538,1.2156135711518807,0.0121711917657388,0.9881432037530872,0.0043981375006332,5.314153067006731,2,2,0.0125615259140855,0.9877629523730878,0.0055254749322536,5.405993146643668,2,2,WangSun,0,5,Laplace_noise,0,2
0.7582562185714332,1.159024744872828,0.0008320912868576,0.9997236154914074,0.0013603638977877,1.9927368063790107,2,2,0.0025376622316289,0.9991570990587928,0.0023997722316358,3.477250492339225,2,2,WindmiReduced,0,5,Laplace_noise,0,0
0.7282596553156672,1.036590516788065,0.0009136084348086,0.9996965390429046,0.0014472386079083,2.0852094559058894,2,2,0.0008566612772185,0.9997154544100222,0.0014892990262649,2.018535834729344,2,2,WindmiReduced,0,5,Laplace_noise,0,1
0.762692663577932,1.1066698139943418,0.0009417352228016,0.999687196548156,0.0014726296956919,2.11858837724181,2,2,0.0010196531292387,0.9996613156110266,0.0014754255020147,2.2050345591537748,2,2,WindmiReduced,0,5,Laplace_noise,0,2
0.9848617262169672,1.4878447215926314,1.8184775511161887e-05,0.9999917742236094,0.0013754081041271,0.2795674616024696,2,2,2.080282999700572e-05,0.9999905899620404,0.0015344328463039,0.2971255761955567,2,2,YuWang,0,5,Laplace_noise,0,0
0.9859368828654536,1.4857290154524545,4.5474347241787975e-05,0.9999794299461277,0.0015286939329903,0.4439724814441064,2,2,3.616605388526405e-05,0.9999836404979534,0.0015956869946119,0.3956431005650946,2,2,YuWang,0,5,Laplace_noise,0,1
0.9866840870601172,1.4854273858078748,9.414516703423154e-06,0.9999957413986672,0.0014698710543083,0.2047690841950585,2,2,1.1948382816750962e-05,0.999994595219214,0.0015175555849671,0.2311370742927701,2,2,YuWang,0,5,Laplace_noise,0,2
0.9532090364584176,1.580650453751251,5.876996707106558e-07,0.9999997456741592,0.0004899593315324,0.0473772194904357,2,2,9.410497799478908e-07,0.999999592762616,0.0005530475287567,0.061468689752382,2,2,YuWang2,0,5,Laplace_noise,0,0
0.9500766543255384,1.5975088522897165,9.292353050095656e-07,0.999999597875306,0.0005508842228292,0.0612448206692885,2,2,9.54694234487716e-07,0.999999586858006,0.0005476061785895,0.062186468543378,2,2,YuWang2,0,5,Laplace_noise,0,1
0.9526915955805724,1.581261502667347,7.907420476138273e-07,0.9999996578079824,0.0005680365551025,0.0559815622045293,2,2,7.942763443914257e-07,0.9999996562785228,0.0005727594962881,0.0560956899694624,2,2,YuWang2,0,5,Laplace_noise,0,2
0.9972890165571274,0.796169232433796,0.1722017913026373,0.8834976632596836,0.0323523128542787,22.69913182620115,1,1,0.2988941207476422,0.7977845454357401,0.0533994525920994,29.72664501719304,1,1,ZhouChen,0,5,Laplace_noise,0,0
0.9973094289546648,0.757590630907734,0.1241270627998616,0.9160224016283248,0.0327390897895438,18.41651876586336,1,1,0.3196016350186108,0.7837749710730003,0.0585334725135057,29.812956620674804,1,1,ZhouChen,0,5,Laplace_noise,0,1
0.9974845610310132,0.7475945137822919,0.1329491387135113,0.9100538663937852,0.028766146283692,19.231207514063524,1,1,0.2277198308146109,0.8459371867660392,0.0428631787021769,25.56280367498991,1,1,ZhouChen,0,5,Laplace_noise,0,2
